Order_ID,Date,Customer_ID,Product,Category,Region,Quantity,Unit_Price,Discount,Sales,Payment_Method,Salesperson
ORD-10523,2026-06-03,CUST-1224,Webcam,Accessories,North,1,76.09,0.0,76.09,Credit Card,David
ORD-10602,2026-04-28,CUST-1091,Keyboard,Accessories,,3,55.22,0.2,132.53,debit card,Daniel
ORD-10526,2026-05-22,CUST-1200,Printer,Office Equipment,West,5,212.55,0.2,850.2,Bank Transfer,Daniel
ORD-10031,2026-06-08,CUST-1020,Webcam,Accessories,East,5,132.03,0.2,528.12,Bank Transfer,Emma
ORD-10616,2026-02-22,CUST-1139,Headphones,Accessories,North,5,159.76,0.05,758.86,PayPal,James
ORD-10585,2026-06-26,CUST-1096,Tablet,Electronics,West,3,734.64,0.0,2203.92,PayPal,Daniel
ORD-10444,2026-06-30,CUST-1104,Headphones,Accessories,South,5,82.07,0.15,348.8,PayPal,Olivia
ORD-10732,2026-06-27,CUST-1032,mouse,Accessories,West,3,31.45,0.2,75.48,PayPal,Emma
ORD-10076,2026-05-07,CUST-1217,Tablet,Electronics,East,2,409.1,0.1,,Bank Transfer,Daniel
ORD-10411,2026-07-18,CUST-1211,Tablet,Electronics,North,4,461.65,0.2,,Debit Card,Sophia
ORD-10568,2026-06-26,CUST-1236,Printer,Office Equipment,North,4,481.44,0.1,1733.18,PayPal,Daniel
ORD-10070,2026-01-28,CUST-1148,Laptop,Electronics,West,-1,1728.89,0.15,7347.78,Debit Card,Sarah
ORD-10675,2026-02-06,CUST-1220,Headphones,Accessories,East,4,232.57,0.05,883.77,bank transfer,Sophia
ORD-10101,2026-03-21,CUST-1141,Laptop,Electronics,North,1,1352.25,0.05,1284.64,PayPal,Sarah
ORD-10894,2026-01-05,CUST-1091,Headphones,Accessories,North,2,121.41,0.05,230.68,Credit Card,Olivia
ORD-10925,2026-05-27,CUST-1161,Headphones,Accessories,North,1,162.21,0.2,129.77,Debit Card,James
ORD-10629,2026-07-15,CUST-1156,Headphones,Accessories,South,5,171.12,0.05,812.82,Debit Card,James
ORD-10299,2026-07-24,CUST-1074,Monitor,Electronics,South,4,527.59,0.15,1793.81,Bank Transfer,Emma
ORD-10924,2026-08-19,CUST-1101,,Electronics,North,4,624.6,0.1,2248.56,Debit Card,James
ORD-10424,2026-02-08,CUST-1132,Mouse,Accessories,East,5,91.97,0.15,390.87,Debit Card,James
ORD-10096,2026-05-01,CUST-1089,Webcam,Accessories,East,1,86.66,0.05,82.33,PayPal,Sophia
ORD-10900,2026-04-23,CUST-1248,Webcam,Accessories,West,1,147.69,0.05,140.31,Bank Transfer,Daniel
ORD-10260,2026-03-12,CUST-1015,Keyboard,Accessories,West,4,108.86,0.2,348.35,Credit Card,Olivia
ORD-10350,2026-03-09,CUST-1182,Monitor,Electronics,North,5,398.46,0.1,1793.07,PayPal,Michael
ORD-10528,2026-02-24,CUST-1130,Webcam,Accessories,North,5,150.05,0.2,600.2,Debit Card,David
ORD-10694,2026-03-04,CUST-1120,Monitor,Electronics,East,5,473.63,0.2,1894.52,Credit Card,Olivia
ORD-10361,2026-07-11,CUST-1021,Monitor,Electronics, North ,4,402.17,0.0,1608.68,PayPal,Michael
ORD-10611,2026-07-18,CUST-1110,Tablet,Electronics,North,5,710.84,0.0,3554.2,PayPal,David
ORD-10884,2026-02-07,CUST-1121,Webcam,Accessories,West,2,43.05,0.05,81.79,PayPal,Sophia
ORD-10720,2026-03-18,CUST-1178,Webcam,Accessories,North,3,165.5,0.15,422.02,PayPal,Emma
ORD-10486,2026-07-17,CUST-1137,Laptop,Electronics,West,2,1426.93,0.05,2711.17,Credit Card,Emma
ORD-10693,2026-05-29,CUST-1123,Monitor,Electronics,West,5,256.83,0.1,1155.73,Credit Card,Sarah
ORD-10678,2026-05-17,CUST-1118,Webcam,Accessories,South,2,122.68,0.2,,Debit Card,Sophia
ORD-10809,2026-06-09,CUST-1159,Monitor,Electronics,West,5,504.07,0.15,2142.3,Debit Card,Daniel
ORD-10408,2026-02-14,CUST-1070,Webcam,Accessories,North,5,60.14,0.15,255.59,PayPal,Olivia
ORD-10740,2026-07-08,CUST-1105,Mouse,Accessories,West,2,50.04,0.0,,PayPal,James
ORD-10213,2026-07-07,CUST-1220,Tablet,Electronics,North,2,885.22,0.1,1593.4,Bank Transfer,Emma
ORD-10589,2026-07-04,CUST-1016,Webcam,Accessories,South,4,66.58,0.2,213.06,Bank Transfer,Olivia
ORD-10365,2026-04-29,CUST-1067,Monitor,Electronics,North,3,236.17,0.2,566.81,Debit Card,Olivia
ORD-10199,2026-08-22,CUST-1143,Monitor,Electronics,South,3,304.71,0.15,777.01,Bank Transfer,Sophia
ORD-10636,2026-08-15,CUST-1077,Headphones,Accessories,North,4,142.27,0.1,,Debit Card,Sophia
ORD-10628,2026-07-10,CUST-1239,Headphones,Accessories, South ,2,80.39,0.0,160.78,Debit Card,James
ORD-10828,2026-06-25,CUST-1153,Mouse,Accessories,South,1,52.47,0.05,49.85,Credit Card,Emma
ORD-10352,2026-08-08,CUST-1220,Laptop,Electronics,West,4,1044.55,0.1,3760.38,Debit Card,Michael
ORD-10329,2026-04-20,CUST-1211,Mouse,Accessories,East,3,59.58,0.1,160.87,Debit Card,Sophia
ORD-10981,2026-03-17,CUST-1113,Tablet,Electronics,East,1,438.11,0.15,372.39,PayPal,Sophia
ORD-10837,2026-01-06,CUST-1165,Laptop,Electronics,East,1,1641.47,0.05,1559.4,PayPal,Daniel
ORD-10244,2026-06-27,CUST-1060,Laptop,Electronics,South,4,1467.79,0.1,5284.04,PayPal,Daniel
ORD-10286,2026-07-18,CUST-1083,Laptop,Electronics,South,4,1434.12,0.15,4876.01,Bank Transfer,David
ORD-10289,2026-01-24,CUST-1001,Headphones,Accessories,South,3,138.95,0.0,416.85,Credit Card,Michael
ORD-10598,2026-08-05,CUST-1095,Webcam,Accessories,South,4,146.99,0.1,529.16,Debit Card,David
ORD-10761,2026-06-24,CUST-1138,Keyboard,Accessories,North,4,92.13,0.15,313.24,Bank Transfer,Emma
ORD-10059,2026-04-23,CUST-1019,Headphones,Accessories,North,3,96.9,0.1,261.63,Debit Card,Michael
ORD-10622,2026-07-27,CUST-1015,Headphones,Accessories,East,1,225.74,0.2,180.59,Debit Card,Michael
ORD-10318,2026-01-22,CUST-1144,Laptop,Electronics,North,2,1595.88,0.1,2872.58,Bank Transfer,Emma
ORD-10010,2026-07-10,CUST-1143,Headphones,Accessories,West,4,199.4,0.2,638.08,Bank Transfer,Emma
ORD-10237,2026-06-16,CUST-1146,Mouse,Accessories,West,1,62.81,0.05,59.67,Debit Card,James
ORD-10331,2026-04-27,CUST-1000,Webcam,Accessories,South,2,68.32,0.1,122.98,Bank Transfer,Sarah
ORD-10705,2026-06-23,CUST-1080,Laptop,Electronics,West,5,897.36,0.1,4038.12,Bank Transfer,Olivia
ORD-10086,2026-02-08,CUST-1038,Headphones,Accessories,West,2,67.04,0.0,134.08,Debit Card,David
ORD-10803,2026-06-22,CUST-1026,Webcam,Accessories, South ,1,101.33,0.0,101.33,PayPal,David
ORD-10174,2026-03-21,CUST-1247,Printer,Office Equipment,West,2,466.39,0.1,839.5,PayPal,Daniel
ORD-10312,2026-05-31,CUST-1029,Tablet,Electronics,South,4,511.19,0.2,1635.81,Bank Transfer,Sarah
ORD-10462,2026-01-30,CUST-1024,Mouse,Accessories,East,3,20.18,0.1,54.49,Credit Card,James
ORD-10218,2026-06-02,CUST-1225,Printer,Office Equipment,West,1,250.01,0.0,250.01,Debit Card,Daniel
ORD-10030,2026-01-18,CUST-1152,Monitor,Electronics,North,2,470.09,0.15,799.15,Debit Card,James
ORD-10547,2026-06-26,CUST-1002,Laptop,Electronics,North,4,1474.1,0.2,4717.12,Bank Transfer,Olivia
ORD-10664,2026-05-10,CUST-1006,Printer,Office Equipment,East,2,466.73,0.05,886.79,PayPal,Daniel
ORD-10054,2026-03-04,CUST-1121,MONITOR,Electronics,West,5,382.17,0.05,1815.31,PayPal,David
ORD-10023,2026-04-30,CUST-1221,Laptop,Electronics,West,1,1473.36,0.0,1473.36,Bank Transfer,Sarah
ORD-10256,2026-07-27,CUST-1169,Webcam,Accessories,South,1,126.09,0.05,119.79,Credit Card,Sarah
ORD-10450,2026-01-30,CUST-1102,Webcam,Accessories,West,3,174.72,0.15,445.54,PayPal,Michael
ORD-10003,2026-02-09,CUST-1055,Tablet,Electronics,East,4,361.33,0.0,1445.32,Bank Transfer,Daniel
ORD-10833,2026-05-08,CUST-1226,Monitor,Electronics,East,1,295.23,0.1,265.71,PayPal,Emma
ORD-10552,2026-05-08,CUST-1034,Tablet,Electronics,North,3,771.2,0.1,2082.24,PayPal,Sarah
ORD-10638,2026-04-16,CUST-1082,Printer,Office Equipment,South,4,,0.2,507.9,PayPal,Sarah
ORD-10477,2026-04-25,CUST-1045,Monitor,Electronics,North,2,274.79,0.2,439.66,PayPal,James
ORD-10956,2026-07-15,CUST-1024,Printer,Office Equipment,North,1,352.63,0.0,352.63,PayPal,Olivia
ORD-10662,2026-07-01,CUST-1008,Headphones,Accessories,East,4,132.77,0.05,504.53,PayPal,Daniel
ORD-10518,2026-06-02,CUST-1151,Monitor,Electronics,North,4,291.93,0.05,1109.33,Credit Card,Emma
ORD-10960,2026-04-27,CUST-1132,Tablet,Electronics,North,1,652.69,0.0,652.69,Credit Card,Emma
ORD-10953,2026-07-08,CUST-1057,Webcam,Accessories,South,2,174.09,0.05,330.77,Bank Transfer,Daniel
ORD-10979,2026-06-13,CUST-1235,Laptop,Electronics,South,2,1007.2,0.15,1712.24,PayPal,Emma
ORD-10575,2026-02-25,CUST-1087,Webcam,Accessories,West,4,83.62,0.1,301.03,Credit Card,Olivia
ORD-10539,2026-04-08,CUST-1162,Mouse,Accessories,West,2,,0.1,133.47,Bank Transfer,James
ORD-10215,2026-08-10,CUST-1157,Webcam,Accessories,East,2,74.76,0.1,134.57,Debit Card,Michael
ORD-10737,2026-03-27,CUST-1157,Printer,Office Equipment,South,1,165.16,0.2,,Debit Card,James
ORD-10998,2026-02-21,CUST-1001,Keyboard,Accessories,South,4,89.03,0.2,284.9,Bank Transfer,Sophia
ORD-10713,2026-07-28,CUST-1067,Keyboard,Accessories,West,4,88.46,0.05,336.15,Debit Card,Sophia
ORD-10667,2026-08-16,CUST-1011,Monitor,Electronics,East,3,408.23,0.0,1224.69,Debit Card,Olivia
ORD-10039,2026-01-29,CUST-1019,Keyboard,Accessories,South,3,100.01,0.2,240.02,PayPal,Michael
ORD-10231,2026-05-03,CUST-1089,Headphones,Accessories,West,5,107.56,0.2,430.24,PayPal,Olivia
ORD-10494,2026-01-02,CUST-1146,Webcam,Accessories,South,1,115.2,0.1,103.68,Bank Transfer,Emma
ORD-10704,2026-05-02,CUST-1067,Keyboard,Accessories,East,4,98.35,0.0,393.4,PayPal,David
ORD-10967,2026-03-26,CUST-1041,Monitor,Electronics,South,1,381.72,0.15,324.46,Credit Card,Emma
ORD-10066,2026-03-25,CUST-1086,Webcam,Accessories,North,4,78.96,0.1,284.26,PayPal,James
ORD-10294,2026-06-02,CUST-1157,Mouse,Accessories,North,2,56.63,0.1,101.93,PayPal,Olivia
ORD-10067,2026-07-11,CUST-1138,Laptop,Electronics,North,3,1799.91,0.05,5129.74,Credit Card,James
ORD-10479,2026-07-01,CUST-1239,Keyboard,Accessories,North,3,44.39,0.2,106.54,Bank Transfer,Sophia
ORD-10328,2026-05-29,CUST-1000,Monitor,Electronics,North,4,492.37,0.1,1772.53,PayPal,Emma
ORD-10626,2026-06-17,CUST-1238,Keyboard,Accessories,North,5,74.92,0.2,,Debit Card,Olivia
ORD-10107,2026-08-08,CUST-1198,Webcam,Accessories,West,4,46.11,0.15,156.77,Debit Card,Sophia
ORD-10983,2026-02-15,CUST-1113,Mouse,Accessories,,1,41.25,0.1,37.12,Bank Transfer,Sarah
ORD-10346,2026-03-21,CUST-1178,Webcam,Accessories,South,2,142.19,0.0,284.38,Credit Card,David
ORD-10298,2026-06-01,CUST-1139,Keyboard,Accessories,West,5,114.99,0.0,574.95,Debit Card,Sophia
ORD-10643,2026-08-19,CUST-1033,Mouse,Accessories,West,3,20.28,0.0,60.84,PayPal,Sophia
ORD-10307,2026-03-18,CUST-1011,Monitor,Electronics,South,3,209.03,0.0,627.09,Debit Card,Michael
ORD-10854,2026-01-19,CUST-1024,Laptop,Electronics,East,2,852.11,0.15,1448.59,Credit Card,James
ORD-10506,2026-04-25,CUST-1040,Keyboard,Accessories,West,5,102.3,0.05,485.92,Bank Transfer,James
ORD-10296,2026-03-18,CUST-1082,Mouse,Accessories,East,2,58.32,0.15,99.14,Bank Transfer,Sophia
ORD-10880,2026-01-02,CUST-1101,Monitor,Electronics,West,4,205.32,0.15,698.09,PayPal,Daniel
ORD-10666,2026-04-28,CUST-1099,Monitor,Electronics,North,-1,201.64,0.2,161.31,Bank Transfer,Sophia
ORD-10100,2026-05-21,CUST-1033,,Accessories,North,4,137.62,0.0,550.48,Debit Card,Michael
ORD-10088,2026-07-15,CUST-1053,Mouse,Accessories,South,1,41.17,0.05,39.11,Debit Card,Sarah
ORD-10063,2026-03-11,CUST-1111,Printer,Office Equipment,South,3,160.16,0.15,408.41,PayPal,Michael
ORD-10843,2026-07-15,CUST-1013,Keyboard,Accessories,West,2,109.32,0.0,218.64,Debit Card,Daniel
ORD-10888,2026-05-22,CUST-1016,Headphones,Accessories,North,4,228.58,0.15,777.17,PayPal,Olivia
ORD-10139,2026-04-27,CUST-1129,Webcam,Accessories,South,1,53.88,0.2,43.1,PayPal,Sophia
ORD-10757,2026-03-12,CUST-1013,Monitor,Electronics,North,4,349.13,0.15,1187.04,PayPal,Daniel
ORD-10615,2026-03-29,CUST-1177,Monitor,Electronics,East,4,322.05,0.0,1288.2,Debit Card,Emma
ORD-10499,2026-06-27,CUST-1149,Keyboard,Accessories,West,3,102.21,0.1,275.97,debit card,James
ORD-10665,2026-07-18,CUST-1083,Keyboard,Accessories,South,1,124.64,0.2,99.71,Debit Card,James
ORD-10584,2026-02-02,CUST-1124,Mouse,Accessories,West,5,45.34,0.1,204.03,Debit Card,James
ORD-10109,2026-04-15,CUST-1222,Keyboard,Accessories,West,3,48.23,0.1,130.22,credit card,Olivia
ORD-10916,2026-07-02,CUST-1117,Keyboard,Accessories,North,5,146.48,0.2,585.92,Debit Card,Sophia
ORD-10650,2026-06-27,CUST-1220,Headphones,Accessories,South,4,115.84,0.2,370.69,Debit Card,James
ORD-10533,2026-01-23,CUST-1070,Webcam,Accessories,South,4,89.44,0.15,304.1,Credit Card,Sarah
ORD-10445,2026-03-02,CUST-1000,Laptop,Electronics,West,1,1471.63,0.2,1177.3,Debit Card,Sarah
ORD-10605,2026-08-24,CUST-1197,Tablet,Electronics,North,4,508.76,0.15,1729.78,Debit Card,James
ORD-10136,2026-05-09,CUST-1056,Laptop,Electronics,West,5,1527.24,0.1,,Credit Card,James
ORD-10811,2026-08-14,CUST-1234,Monitor,Electronics,West,3,353.45,0.15,,PayPal,James
ORD-10514,2026-06-15,CUST-1213,Webcam,Accessories,South,1,43.14,0.05,40.98,Debit Card,James
ORD-10753,2026-07-12,CUST-1069,Mouse,Accessories,East,1,83.02,0.2,66.42,Credit Card,Olivia
ORD-10158,2026-05-16,CUST-1130,Mouse,Accessories,South,3,92.47,0.1,249.67,Debit Card,Sarah
ORD-10310,2026-01-02,CUST-1180,Mouse,Accessories,North,1,36.46,0.2,29.17,Debit Card,Olivia
ORD-10327,2026-01-20,CUST-1162,Monitor,Electronics,West,3,361.14,0.1,975.08,PayPal,Olivia
ORD-10136,2026-05-09,CUST-1056,Laptop,Electronics,West,5,1527.24,0.1,,Credit Card,James
ORD-10935,2026-07-15,CUST-1142,Keyboard,Accessories,North,4,73.51,0.15,249.93,Debit Card,Michael
ORD-10254,2026-07-06,CUST-1250,Mouse,Accessories,West,1,86.79,0.1,78.11,PayPal,David
ORD-10275,2026-01-16,CUST-1158,Printer,Office Equipment,West,1,380.75,0.0,380.75,Credit Card,James
ORD-10901,2026-05-10,CUST-1043,Monitor,Electronics,South,4,306.41,0.1,1103.08,Debit Card,David
ORD-10184,2026-04-20,CUST-1000,Tablet,Electronics,North,4,444.34,0.05,1688.49,Bank Transfer,Sarah
ORD-10582,2026-01-11,CUST-1148,Printer,Office Equipment,North,2,390.94,0.1,703.69,Debit Card,Michael
ORD-10660,2026-07-24,CUST-1234,Tablet,Electronics,North,2,339.73,0.1,,Bank Transfer,David
ORD-10896,2026-07-16,CUST-1011,Headphones,Accessories,North,5,229.26,0.2,917.04,Credit Card,Sophia
ORD-10209,2026-02-13,CUST-1168,Tablet,Electronics,,5,805.52,0.0,4027.6,Credit Card,James
ORD-10168,2026-08-23,CUST-1089,Headphones,Accessories,North,4,243.54,0.05,925.45,Bank Transfer,David
ORD-10866,2026-04-27,CUST-1160,Headphones,Accessories,North,1,168.84,0.1,151.96,PayPal,Olivia
ORD-10280,2026-05-22,CUST-1121,Laptop,Electronics,West,2,1436.75,0.0,2873.5,PayPal,Olivia
ORD-10899,2026-07-07,CUST-1222,Monitor,Electronics,South,3,261.72,0.1,706.64,Credit Card,Emma
ORD-10541,2026-05-02,CUST-1080,Tablet,Electronics,South,5,431.14,0.1,1940.13,Debit Card,Sophia
ORD-10055,2026-03-04,CUST-1037,Laptop,Electronics,South,1,1692.66,0.15,1438.76,Debit Card,Sophia
ORD-10120,2026-08-20,CUST-1160,Laptop,Electronics,East,4,1108.93,0.0,4435.72,Debit Card,Sarah
ORD-10554,2026-03-08,CUST-1092,Tablet,Electronics,North,3,636.21,0.1,1717.77,PayPal,Sarah
ORD-10025,2026-03-05,CUST-1223,Monitor,Electronics,North,5,,0.0,1886.25,Credit Card,Sarah
ORD-10072,2026-05-17,CUST-1109,Tablet,Electronics,West,3,341.37,0.0,1024.11,PayPal,Sarah
ORD-10538,2026-07-18,CUST-1117,Printer,Office Equipment,North,1,463.78,0.15,394.21,Bank Transfer,Sarah
ORD-10044,2026-07-30,CUST-1203,Mouse,Accessories,East,2,37.83,0.15,64.31,Bank Transfer,Sarah
ORD-10497,2026-03-06,CUST-1025,Mouse,Accessories,East,4,78.05,0.1,280.98,Debit Card,Emma
ORD-10198,2026-03-22,CUST-1166,Headphones,Accessories,South,1,99.92,0.0,99.92,PayPal,David
ORD-10377,2026-07-16,CUST-1149,Mouse,Accessories,South,1,97.92,0.05,93.02,Bank Transfer,James
ORD-10314,2026-05-11,CUST-1099,Webcam,Accessories,West,5,123.5,0.15,524.88,Debit Card,Sophia
ORD-10718,2026-03-27,CUST-1174,Headphones,Accessories,East,1,130.12,0.1,117.11,Credit Card,Sophia
ORD-10208,2026-06-12,CUST-1244,Headphones,Accessories,North,3,75.03,0.2,180.07,Debit Card,Michael
ORD-10721,2026-02-05,CUST-1009,Mouse,Accessories,West,5,22.03,0.05,104.64,PayPal,Sarah
ORD-10918,2026-04-05,CUST-1146,Headphones,Accessories,East,2,58.06,0.0,116.12,Bank Transfer,Olivia
ORD-10535,2026-02-27,CUST-1155,Mouse,Accessories,North,4,56.38,0.2,180.42,Bank Transfer,Michael
ORD-10695,2026-05-17,CUST-1199,Laptop,Electronics,East,5,1268.87,0.15,5392.7,PayPal,Olivia
ORD-10604,2026-02-14,CUST-1124,Monitor,Electronics,West,3,438.09,0.0,1314.27,Credit Card,James
ORD-10590,2026-04-15,CUST-1164,Tablet,Electronics,North,5,366.28,0.0,1831.4,Debit Card,Michael
ORD-10290,2026-04-21,CUST-1114,Webcam,Accessories,North,1,54.46,0.1,49.01,Bank Transfer,David
ORD-10959,2026-03-01,CUST-1221,Laptop,Electronics,North,4,1253.41,0.15,4261.59,Bank Transfer,James
ORD-10332,2026-06-17,CUST-1092,Headphones,Accessories,West,2,66.48,0.0,132.96,Bank Transfer,Emma
ORD-10210,2026-06-14,CUST-1197,Headphones,Accessories,North,5,180.23,0.15,765.98,PayPal,Daniel
ORD-10342,2026-02-03,CUST-1099,Webcam,Accessories,North,2,91.16,0.15,154.97,Credit Card,Sarah
ORD-10060,2026-03-01,CUST-1098,Keyboard,Accessories,West,1,117.71,0.15,100.05,Bank Transfer,Sophia
ORD-10344,2026-06-29,CUST-1102,Monitor,Electronics,South,5,456.21,0.2,1824.84,Bank Transfer,Sarah
ORD-10890,2026-03-01,CUST-1129,Mouse,Accessories,West,3,67.01,0.2,160.82,Debit Card,Daniel
ORD-10711,2026-03-17,CUST-1119,Monitor,Electronics,East,3,455.51,0.15,1161.55,Bank Transfer,Michael
ORD-10467,2026-07-07,CUST-1208,Keyboard,Accessories,East,5,51.39,0.2,205.56,PayPal,David
ORD-10423,2026-05-04,CUST-1016,Tablet,Electronics,East,3,,0.1,2411.15,Bank Transfer,Emma
ORD-10259,2026-05-28,CUST-1153,Tablet,Electronics,South,2,442.14,0.2,707.42,PayPal,Daniel
ORD-10780,2026-02-27,CUST-1006,Laptop,Electronics,North,3,954.02,0.15,2432.75,Bank Transfer,David
ORD-10405,2026-01-23,CUST-1099,Webcam,Accessories,West,3,117.29,0.2,281.5,Credit Card,David
ORD-10788,2026-02-09,CUST-1128,Mouse,Accessories,North,5,86.53,0.2,346.12,PayPal,Sophia
ORD-10767,2026-02-17,CUST-1052,Laptop,Electronics,East,3,1465.55,0.05,4176.82,PayPal,Michael
ORD-10483,2026-06-21,CUST-1088,Printer,Office Equipment,South,5,234.12,0.2,936.48,Credit Card,Olivia
ORD-10530,2026-03-09,CUST-1056,Tablet,Electronics,West,1,348.02,0.15,295.82,Bank Transfer,James
ORD-10810,2026-06-19,CUST-1127,Printer,Office Equipment,North,5,326.68,0.1,1470.06,Credit Card,David
ORD-10999,2026-04-28,CUST-1118,Laptop,Electronics,East,3,1537.29,0.15,3920.09,Bank Transfer,David
ORD-10966,2026-06-27,CUST-1177,Printer,Office Equipment,East,3,359.92,0.2,863.81,Bank Transfer,David
ORD-10110,2026-08-07,CUST-1172,Webcam,Accessories,North,4,173.58,0.2,555.46,Credit Card,Emma
ORD-10995,2026-04-05,CUST-1132,Laptop,Electronics,South,4,971.83,0.15,3304.22,Credit Card,Michael
ORD-10558,2026-02-11,CUST-1087,Mouse,Accessories, West ,3,45.08,0.1,121.72,Bank Transfer,Sophia
ORD-10793,2026-01-11,CUST-1050,Monitor,Electronics,North,5,213.12,0.2,852.48,PayPal,Sarah
ORD-10936,2026-04-06,CUST-1138,keyboard,Accessories,West,5,126.02,0.15,535.59,Credit Card,James
ORD-10919,2026-03-19,CUST-1075,Printer,Office Equipment,West,2,159.79,0.05,303.6,Credit Card,Daniel
ORD-10942,2026-06-05,CUST-1121,Laptop,Electronics,West,2,1701.44,0.15,2892.45,PayPal,Sarah
ORD-10319,2026-05-18,CUST-1073,Keyboard,Accessories,North,5,125.88,0.15,534.99,Credit Card,Daniel
ORD-10516,2026-01-22,CUST-1055,Printer,Office Equipment,South,4,362.28,0.15,1231.75,Debit Card,David
ORD-10449,2026-04-02,CUST-1228,Printer,Office Equipment,East,3,484.28,0.0,1452.84,Bank Transfer,Michael
ORD-10783,2026-02-11,CUST-1148,Laptop,Electronics,East,4,946.14,0.05,3595.33,Debit Card,James
ORD-10593,2026-06-17,CUST-1125,Monitor,Electronics,West,1,387.22,0.1,348.5,Bank Transfer,James
ORD-10909,2026-08-02,CUST-1198,Headphones,Accessories,North,5,195.3,0.0,976.5,Bank Transfer,Daniel
ORD-10743,2026-06-27,CUST-1145,Laptop,Electronics,West,1,1080.6,0.15,918.51,PayPal,Michael
ORD-10137,2026-05-03,CUST-1216,Webcam,Accessories,West,1,99.68,0.15,84.73,Credit Card,Sarah
ORD-10799,2026-04-15,CUST-1028,Tablet,Electronics,South,1,374.17,0.2,299.34,PayPal,Olivia
ORD-10933,2026-05-07,CUST-1130,Webcam,Accessories,East,3,172.91,0.0,518.73,PayPal,David
ORD-10822,2026-03-09,CUST-1012,Headphones,Accessories,North,4,249.25,0.05,947.15,Credit Card,Olivia
ORD-10765,2026-02-12,CUST-1158,Keyboard,Accessories,South,3,118.3,0.05,337.15,Debit Card,Michael
ORD-10261,2026-06-14,CUST-1171,Webcam,Accessories,West,3,150.01,0.15,382.53,Debit Card,Daniel
ORD-10567,2026-02-09,CUST-1077, Laptop ,Electronics,East,2,800.09,0.1,1440.16,PayPal,James
ORD-10832,2026-08-18,CUST-1093,Monitor,Electronics,North,2,358.76,0.05,681.64,Credit Card,Daniel
ORD-10381,2026-05-15,CUST-1122,Laptop,Electronics,South,5,1131.73,0.05,5375.72,Bank Transfer,Michael
ORD-10333,2026-04-20,CUST-1167,Monitor,Electronics,West,1,481.48,0.05,457.41,Credit Card,Michael
ORD-10536,2026-04-15,CUST-1129,Monitor,Electronics,East,5,423.45,0.1,1905.53,Credit Card,Daniel
ORD-10351,2026-04-05,CUST-1040,Headphones,Accessories,South,5,204.67,0.0,1023.35,Credit Card,James
ORD-10785,2026-05-12,CUST-1049,Keyboard,Accessories,East,5,124.12,0.05,589.57,Bank Transfer,Daniel
ORD-10451,2026-01-29,CUST-1033,Laptop,Electronics,West,2,1781.57,0.0,3563.14,PayPal,Sophia
ORD-10078,2026-05-06,CUST-1142,Mouse,Accessories,North,4,75.25,0.15,255.85,Credit Card,Daniel
ORD-10029,2026-01-13,CUST-1149,Printer,Office Equipment,North,5,326.0,0.05,1548.5,Credit Card,Michael
ORD-10712,2026-07-19,CUST-1018,Headphones,Accessories,East,4,205.42,0.15,698.43,Credit Card,Daniel
ORD-10277,2026-08-24,CUST-1024,Keyboard,Accessories,East,5,66.51,0.2,266.04,Bank Transfer,Daniel
ORD-10247,2026-05-15,CUST-1114,Tablet,Electronics,North,5,346.86,0.0,1734.3,Debit Card,Michael
ORD-10657,2026-08-02,CUST-1044,Mouse,Accessories,West,3,46.44,0.15,118.42,Credit Card,Michael
ORD-10306,2026-07-20,CUST-1052,Printer,Office Equipment,,1,271.91,0.15,231.12,Bank Transfer,Sarah
ORD-10165,2026-07-01,CUST-1112,Printer,Office Equipment,East,5,333.42,0.05,1583.75,Bank Transfer,Daniel
ORD-10816,2026-01-25,CUST-1109,Tablet,Electronics,North,4,895.17,0.1,3222.61,Debit Card,Emma
ORD-10178,2026-07-29,CUST-1115,Tablet,Electronics,West,4,858.28,0.0,3433.12,Bank Transfer,Emma
ORD-10485,2026-05-05,CUST-1011,Headphones,Accessories,North,2,229.66,0.1,413.39,Credit Card,Michael
ORD-10065,2026-02-04,CUST-1221,Printer,Office Equipment,East,3,213.61,0.15,544.71,Debit Card,Sophia
ORD-10141,2026-04-20,CUST-1080,Headphones,Accessories,North,2,124.86,0.15,212.26,Credit Card,Sarah
ORD-10436,2026-05-09,CUST-1150,Headphones,Accessories,East,1,83.4,0.1,75.06,PayPal,Olivia
ORD-10522,2026-05-31,CUST-1205,Monitor,Electronics,South,3,,0.15,944.01,Credit Card,Daniel
ORD-10844,2026-03-22,CUST-1147,Monitor,Electronics,South,2,244.33,0.2,390.93,PayPal,Olivia
ORD-10420,2026-06-05,CUST-1206,Headphones,Accessories,West,3,192.55,0.15,491.0,Bank Transfer,Sophia
ORD-10404,2026-06-24,CUST-1111,Mouse,Accessories,East,2,99.78,0.2,159.65,Bank Transfer,Sarah
ORD-10679,2026-04-09,CUST-1016,Tablet,Electronics,West,5,424.94,0.15,1805.99,Bank Transfer,Emma
ORD-10265,2026-04-07,CUST-1172,Laptop,Electronics,South,2,1673.62,0.2,2677.79,PayPal,Emma
ORD-10879,2026-02-24,CUST-1047,Monitor,Electronics,North,5,498.81,0.1,2244.65,PayPal,James
ORD-10292,2026-02-13,CUST-1035,Headphones,Accessories,North,4,110.23,0.05,418.87,Debit Card,David
ORD-10221,2026-04-11,CUST-1095,Tablet,Electronics,South,3,634.7,0.05,1808.89,PayPal,James
ORD-10827,2026-03-23,CUST-1220,Monitor,Electronics,East,4,453.57,0.1,1632.85,Debit Card,Daniel
ORD-10235,2026-04-16,CUST-1084,Printer,Office Equipment, South ,2,185.19,0.0,370.38,PayPal,Sophia
ORD-10525,2026-08-07,CUST-1137,Webcam,Accessories,West,5,119.05,0.1,535.73,Debit Card,David
ORD-10192,2026-04-05,CUST-1236,Headphones,Accessories,West,4,210.23,0.0,840.92,Debit Card,Daniel
ORD-10321,2026-07-08,CUST-1212,Mouse,Accessories,East,1,43.82,0.15,37.25,Bank Transfer,Sarah
ORD-10049,2026-06-20,CUST-1235,Tablet,Electronics,East,1,673.89,0.1,606.5,PayPal,Olivia
ORD-10891,2026-07-05,CUST-1182,Webcam,Accessories,South,3,174.37,0.15,444.64,Debit Card,Daniel
ORD-10002,2026-02-26,CUST-1114,Headphones,Accessories,West,1,211.89,0.05,201.3,Bank Transfer,Daniel
ORD-10817,2026-03-02,CUST-1165,Headphones,Accessories,North,1,168.51,0.1,151.66,Bank Transfer,Michael
ORD-10370,2026-08-20,CUST-1165,Printer,Office Equipment,North,1,433.25,0.1,389.93,Credit Card,Sophia
ORD-10921,2026-08-11,CUST-1011,Webcam,Accessories,West,3,107.36,0.2,257.66,Bank Transfer,David
ORD-10249,2026-07-27,CUST-1014,Printer,Office Equipment,North,4,196.18,0.15,667.01,PayPal,Daniel
ORD-10548,2026-06-06,CUST-1220,Headphones,Accessories,East,3,87.43,0.05,249.18,PayPal,Olivia
ORD-10432,2026-03-22,CUST-1162,Laptop,Electronics,South,3,804.71,0.05,2293.42,Debit Card,Sophia
ORD-10938,2026-06-03,CUST-1064,Webcam,Accessories,,2,179.89,0.2,,Credit Card,Michael
ORD-10507,2026-02-26,CUST-1194,Printer,Office Equipment,South,3,231.11,0.1,624.0,Credit Card,Emma
ORD-10033,2026-08-26,CUST-1192,Monitor,Electronics,North,5,203.73,0.2,814.92,Credit Card,Emma
ORD-10204,2026-04-12,CUST-1183,Printer,Office Equipment,North,4,333.99,0.2,1068.77,Debit Card,Olivia
ORD-10889,2026-04-25,CUST-1178,Webcam,Accessories,West,3,42.91,0.05,122.29,Bank Transfer,Sophia
ORD-10588,2026-04-27,CUST-1000,Webcam,Accessories,East,1,142.71,0.2,114.17,Debit Card,Olivia
ORD-10730,2026-08-25,CUST-1148,Laptop,Electronics,South,5,933.37,0.15,3966.82,Credit Card,Sophia
ORD-10077,2026-08-14,CUST-1152,Headphones,Accessories,North,5,161.16,0.05,765.51,Debit Card,David
ORD-10084,2026-01-27,CUST-1223,Laptop,Electronics,West,4,1374.06,0.15,4671.8,Bank Transfer,Michael
ORD-10305,2026-08-24,CUST-1246,Monitor,Electronics,East,2,246.43,0.1,443.57,Bank Transfer,Sophia
ORD-10082,2026-03-12,CUST-1185,Headphones,Accessories,South,2,246.1,0.1,442.98,Bank Transfer,Michael
ORD-10448,2026-04-20,CUST-1189,Monitor,Electronics,South,1,238.0,0.0,238.0,Debit Card,Olivia
ORD-10997,2026-04-21,CUST-1209,Printer,Office Equipment,South,5,205.57,0.1,925.06,PayPal,Daniel
ORD-10751,2026-04-29,CUST-1197,Keyboard,Accessories,East,4,,0.05,517.41,PayPal,James
ORD-10531,2026-07-18,CUST-1209,Keyboard,Accessories,South,4,110.43,0.0,441.72,Bank Transfer,Emma
ORD-10323,2026-06-07,CUST-1035,Mouse,Accessories,East,1,85.08,0.2,68.06,Bank Transfer,Michael
ORD-10495,2026-04-16,CUST-1231,Keyboard,Accessories,East,2,57.7,0.2,92.32,Debit Card,Sarah
ORD-10910,2026-06-10,CUST-1129,Tablet,Electronics,East,1,374.29,0.15,318.15,Credit Card,Sophia
ORD-10005,2026-06-30,CUST-1017,Laptop,Electronics,South,3,1461.26,0.0,4383.78,Credit Card,David
ORD-10425,2026-06-17,CUST-1127,Headphones,Accessories,West,4,101.89,0.15,346.43,Credit Card,Emma
ORD-10490,2026-05-17,CUST-1001,Monitor,Electronics,North,5,502.38,0.0,2511.9,Bank Transfer,Sarah
ORD-10097,2026-03-15,CUST-1169,Webcam,Accessories,West,5,153.9,0.0,769.5,Credit Card,Olivia
ORD-10761,2026-06-24,CUST-1138,Keyboard,Accessories,North,4,92.13,0.15,313.24,Bank Transfer,Emma
ORD-10422,2026-05-11,CUST-1169,Tablet,Electronics,East,5,636.87,0.2,2547.48,Bank Transfer,Sarah
ORD-10885,2026-01-06,CUST-1220,Printer,Office Equipment,West,2,354.83,0.1,638.69,Credit Card,Olivia
ORD-10281,2026-05-25,CUST-1250,Monitor,Electronics,South,1,557.92,0.05,530.02,PayPal,Daniel
ORD-10266,2026-08-11,CUST-1232,Tablet,Electronics,South,1,481.91,0.05,457.81,Credit Card,Sophia
ORD-10442,2026-06-19,CUST-1133,Headphones,Accessories,North,2,174.56,0.15,296.75,Credit Card,Daniel
ORD-10745,2026-04-16,CUST-1219,Printer,Office Equipment,West,2,451.77,0.2,722.83,PayPal,Daniel
ORD-10382,2026-08-24,CUST-1205,Tablet,Electronics,South,2,335.73,0.2,537.17,Credit Card,Olivia
ORD-10692,2026-04-16,CUST-1237,,Electronics,West,1,320.08,0.2,256.06,Bank Transfer,Sarah
ORD-10893,2026-01-26,CUST-1203,Webcam,Accessories,South,4,172.03,0.1,619.31,Debit Card,James
ORD-10534,2026-08-24,CUST-1023,Headphones,Accessories,East,5,195.23,0.2,780.92,Bank Transfer,Daniel
ORD-10118,2026-01-06,CUST-1250,Webcam,Accessories,West,5,78.43,0.0,392.15,Bank Transfer,Emma
ORD-10388,2026-01-03,CUST-1067,Mouse,Accessories,East,1,39.96,0.1,35.96,Credit Card,James
ORD-10250,2026-07-05,CUST-1005,Webcam,Accessories,North,1,75.62,0.05,71.84,Credit Card,David
ORD-10943,2026-07-21,CUST-1224,Monitor,Electronics,East,4,415.46,0.0,1661.84,PayPal,Olivia
ORD-10453,2026-01-29,CUST-1227,Webcam,Accessories,East,1,101.7,0.1,91.53,Credit Card,Emma
ORD-10009,2026-02-24,CUST-1167,Printer,Office Equipment,East,4,288.47,0.05,1096.19,Debit Card,Emma
ORD-10196,2026-02-02,CUST-1017,Mouse,Accessories,West,3,82.28,0.1,222.16,Credit Card,Michael
ORD-10618,2026-01-18,CUST-1099,Headphones,Accessories,North,3,182.6,0.0,547.8,Bank Transfer,David
ORD-10081,2026-01-31,CUST-1184,Mouse,Accessories,South,5,45.24,0.05,214.89,Debit Card,Sophia
ORD-10398,2026-05-06,CUST-1229,Headphones,Accessories,South,5,68.23,0.15,289.98,Bank Transfer,David
ORD-10501,2026-08-13,CUST-1122,Printer,Office Equipment,North,3,305.88,0.15,779.99,Debit Card,Sarah
ORD-10634,2026-06-06,CUST-1240,Laptop,Electronics,North,4,1320.65,0.15,4490.21,Debit Card,David
ORD-10239,2026-08-26,CUST-1085,Headphones,Accessories,West,5,140.87,0.2,563.48,Debit Card,Sophia
ORD-10309,2026-06-13,CUST-1168,Webcam,Accessories,West,5,95.38,0.05,453.05,PayPal,David
ORD-10211,2026-06-14,CUST-1244,Headphones,Accessories,West,-1,146.59,0.1,527.72,Credit Card,James
ORD-10834,2026-08-28,CUST-1108,Mouse,Accessories,East,2,31.54,0.05,59.93,PayPal,David
ORD-10380,2026-05-19,CUST-1079,Keyboard,Accessories,South,1,93.95,0.0,93.95,Debit Card,James
ORD-10601,2026-08-08,CUST-1080,Laptop,Electronics,South,3,1571.52,0.2,3771.65,Credit Card,James
ORD-10227,2026-04-18,CUST-1038,Webcam,Accessories,West,4,136.67,0.2,437.34,Credit Card,Michael
ORD-10873,2026-04-29,CUST-1173,Mouse,Accessories,North,2,71.81,0.15,122.08,Bank Transfer,Sophia
ORD-10359,2026-08-06,CUST-1188,Headphones,Accessories,West,5,70.79,0.05,336.25,PayPal,James
ORD-10813,2026-07-03,CUST-1099,Printer,Office Equipment,West,5,417.4,0.15,1773.95,PayPal,Michael
ORD-10177,2026-07-15,CUST-1041,Headphones,Accessories, West ,5,139.86,0.05,664.34,Credit Card,Emma
ORD-10994,2026-01-18,CUST-1233,Webcam,Accessories,North,2,79.73,0.1,143.51,PayPal,James
ORD-10756,2026-06-16,CUST-1122,Mouse,Accessories,East,2,80.25,0.1,144.45,Bank Transfer,David
ORD-10493,2026-06-23,CUST-1227,Tablet,Electronics,South,1,874.43,0.2,699.54,Credit Card,James
ORD-10334,2026-06-01,CUST-1057,Printer,Office Equipment,West,3,153.25,0.0,459.75,Debit Card,Sophia
ORD-10892,2026-06-26,CUST-1191,Monitor,Electronics,South,2,466.82,0.05,886.96,Debit Card,Sophia
ORD-10007,2026-05-17,CUST-1186,Mouse,Accessories,South,4,33.07,0.1,119.05,Bank Transfer,James
ORD-10155,2026-07-01,CUST-1163,Webcam,Accessories,East,4,80.53,0.0,322.12,Debit Card,Sophia
ORD-10842,2026-06-28,CUST-1066,Monitor,Electronics,East,5,340.74,0.2,1362.96,PayPal,James
ORD-10750,2026-03-03,CUST-1165,Monitor,Electronics,West,-1,206.37,0.05,588.15,Credit Card,Sophia
ORD-10941,2026-06-19,CUST-1082,Tablet,Electronics, North ,5,426.37,0.1,1918.66,Debit Card,James
ORD-10482,2026-08-15,CUST-1054,Tablet,Electronics,West,3,498.64,0.05,1421.12,Credit Card,Sarah
ORD-10846,2026-04-17,CUST-1094,Keyboard,Accessories,South,4,83.28,0.2,266.5,Credit Card,James
ORD-10749,2026-03-03,CUST-1021,Laptop,Electronics,South,4,1493.16,0.05,5674.01,Bank Transfer,Daniel
ORD-10903,2026-04-24,CUST-1037,Laptop,Electronics,North,5,1517.63,0.0,7588.15,bank transfer,Olivia
ORD-10591,2026-08-12,CUST-1008,Mouse,Accessories,North,2,28.56,0.0,57.12,PayPal,Sophia
ORD-10952,2026-08-24,CUST-1107,Printer,Office Equipment,East,4,260.68,0.05,990.58,Credit Card,James
ORD-10580,2026-06-13,CUST-1076,Mouse,Accessories,North,1,48.83,0.05,46.39,Debit Card,David
ORD-10439,2026-04-04,CUST-1182,Laptop,Electronics,North,3,1175.19,0.2,2820.46,Credit Card,Sarah
ORD-10542,2026-07-08,CUST-1051, Mouse ,Accessories,South,3,78.83,0.05,224.67,Debit Card,Emma
ORD-10596,2026-07-11,CUST-1027,Tablet,Electronics,South,4,704.7,0.0,2818.8,Debit Card,David
ORD-10723,2026-03-28,CUST-1201,Laptop,Electronics,West,2,1205.51,0.2,1928.82,Debit Card,Emma
ORD-10677,2026-07-16,CUST-1089,Keyboard,Accessories,East,4,95.87,0.0,383.48,Credit Card,Daniel
ORD-10478,2026-04-20,CUST-1071,Headphones,Accessories,North,5,76.01,0.1,342.05,Bank Transfer,Sophia
ORD-10228,2026-05-13,CUST-1053,Tablet,Electronics,West,4,898.87,0.2,2876.38,Bank Transfer,Michael
ORD-10974,2026-01-31,CUST-1036,Keyboard,Accessories,West,2,127.44,0.2,203.9,Bank Transfer,Olivia
ORD-10814,2026-05-10,CUST-1014,Webcam,Accessories, East ,5,76.87,0.15,326.7,Bank Transfer,Olivia
ORD-10212,2026-02-10,CUST-1112,Webcam,Accessories,South,2,107.8,0.1,194.04,Bank Transfer,Olivia
ORD-10079,2026-02-26,CUST-1103,MOUSE,Accessories,West,5,44.5,0.1,200.25,Bank Transfer,David
ORD-10148,2026-03-29,CUST-1040,Tablet,Electronics,North,3,,0.2,1168.75,Credit Card,Michael
ORD-10302,2026-06-18,CUST-1170,Tablet,Electronics,West,5,399.8,0.0,1999.0,Bank Transfer,David
ORD-10355,2026-02-15,CUST-1057,Laptop,Electronics,,1,1754.08,0.15,1490.97,Bank Transfer,Olivia
ORD-10429,2026-05-30,CUST-1075,Printer,Office Equipment,North,4,447.92,0.0,1791.68,PayPal,Emma
ORD-10519,2026-05-14,CUST-1220,Webcam,Accessories,South,5,155.71,0.0,778.55,paypal,James
ORD-10362,2026-03-02,CUST-1074,Headphones,Accessories,East,4,220.18,0.1,792.65,PayPal,Daniel
ORD-10594,2026-07-30,CUST-1157,Headphones,Accessories,North,1,155.8,0.1,140.22,Debit Card,Sarah
ORD-10357,2026-04-05,CUST-1151,Printer,Office Equipment,South,2,499.23,0.2,798.77,Debit Card,James
ORD-10133,2026-08-08,CUST-1037,Keyboard,Accessories,North,2,99.42,0.0,198.84,Debit Card,James
ORD-10829,2026-07-24,CUST-1211,Headphones,Accessories,West,5,142.83,0.15,607.03,Credit Card,Emma
ORD-10311,2026-03-25,CUST-1050,Printer,Office Equipment,East,4,189.88,0.2,607.62,PayPal,David
ORD-10621,2026-05-06,CUST-1100,Keyboard,Accessories,East,3,42.02,0.1,113.45,Debit Card,Daniel
ORD-10464,2026-01-31,CUST-1238,Webcam,Accessories,North,2,70.18,0.1,126.32,PayPal,James
ORD-10993,2026-02-13,CUST-1026,Keyboard,Accessories,North,5,43.53,0.15,185.0,Debit Card,Emma
ORD-10000,2026-06-13,CUST-1028,Laptop,Electronics,South,2,1541.55,0.05,2928.94,Credit Card,Sarah
ORD-10316,2026-08-04,CUST-1115,Laptop,Electronics,South,1,1665.52,0.15,1415.69,Debit Card,David
ORD-10722,2026-07-22,CUST-1138,Headphones,Accessories,North,4,149.94,0.0,599.76,Bank Transfer,James
ORD-10559,2026-07-19,CUST-1220,Tablet,Electronics,West,5,748.74,0.15,3182.14,Debit Card,Michael
ORD-10371,2026-01-13,CUST-1043,Webcam,Accessories,North,4,155.04,0.15,527.14,PayPal,David
ORD-10544,2026-07-15,CUST-1219,Laptop,Electronics,East,3,1648.01,0.2,3955.22,PayPal,Daniel
ORD-10849,2026-01-04,CUST-1183,Webcam,Accessories,North,4,148.27,0.15,504.12,Debit Card,Emma
ORD-10394,2026-01-26,CUST-1084,Mouse,Accessories,East,4,97.95,0.2,313.44,Bank Transfer,Daniel
ORD-10172,2026-06-02,CUST-1096,Keyboard,Accessories,West,5,57.85,0.05,274.79,Credit Card,David
ORD-10125,2026-06-22,CUST-1059,Printer,Office Equipment,South,5,158.76,0.1,714.42,Credit Card,Sophia
ORD-10898,2026-02-12,CUST-1161,Monitor,Electronics,East,3,548.35,0.05,1562.8,PayPal,Sophia
ORD-10578,2026-03-05,CUST-1188,Laptop,Electronics,South,1,999.18,0.2,799.34,PayPal,David
ORD-10948,2026-06-18,CUST-1189,Keyboard,Accessories,South,2,47.19,0.0,94.38,Bank Transfer,Emma
ORD-10920,2026-08-16,CUST-1072,Mouse,Accessories,North,4,34.65,0.0,138.6,Bank Transfer,Sarah
ORD-10090,2026-03-15,CUST-1180,Headphones,Accessories,South,4,190.6,0.0,762.4,Bank Transfer,Emma
ORD-10970,2026-03-16,CUST-1112,Mouse,Accessories,North,3,70.51,0.0,211.53,Debit Card,Emma
ORD-10181,2026-01-05,CUST-1065,Mouse,Accessories,West,5,86.8,0.2,347.2,Credit Card,Daniel
ORD-10363,2026-03-01,CUST-1019,Mouse,Accessories,South,5,30.89,0.0,154.45,Credit Card,Michael
ORD-10274,2026-08-04,CUST-1161,Mouse,Accessories,South,2,25.44,0.0,50.88,PayPal,Olivia
ORD-10912,2026-01-27,CUST-1083,Mouse,Accessories,North,3,85.83,0.15,218.87,Debit Card,David
ORD-10069,2026-04-30,CUST-1179,Headphones,Accessories,North,2,203.38,0.2,325.41,Debit Card,Daniel
ORD-10291,2026-01-04,CUST-1074,Webcam,Accessories,South,1,,0.2,75.43,Debit Card,David
ORD-10131,2026-06-19,CUST-1054,Laptop,Electronics,South,3,850.58,0.05,2424.15,Debit Card,Sarah
ORD-10300,2026-03-06,CUST-1168,Keyboard,Accessories,West,4,118.68,0.0,474.72,PayPal,David
ORD-10447,2026-03-09,CUST-1118,Laptop,Electronics,East,2,899.81,0.0,1799.62,Bank Transfer,Olivia
ORD-10326,2026-08-01,CUST-1063,Webcam,Accessories,West,5,108.52,0.1,488.34,PayPal,Sophia
ORD-10144,2026-05-28,CUST-1129,Mouse,Accessories,North,4,32.38,0.05,123.04,Bank Transfer,Olivia
ORD-10551,2026-08-08,CUST-1097,Mouse,Accessories,North,2,31.67,0.15,53.84,Debit Card,David
ORD-10595,2026-01-26,CUST-1185,Mouse,Accessories,South,2,62.53,0.05,118.81,Debit Card,David
ORD-10655,2026-03-27,CUST-1089,Mouse,Accessories,East,2,20.9,0.1,37.62,Credit Card,Daniel
ORD-10135,2026-07-09,CUST-1107,Monitor,Electronics,East,4,498.27,0.15,1694.12,Credit Card,Sophia
ORD-10430,2026-05-09,CUST-1030,Webcam,Accessories,South,4,114.18,0.0,456.72,Debit Card,Emma
ORD-10164,2026-01-16,CUST-1115,monitor,Electronics,South,3,524.39,0.0,1573.17,Credit Card,Emma
ORD-10028,2026-02-09,CUST-1048,Headphones,Accessories,North,1,93.54,0.2,74.83,Bank Transfer,James
ORD-10587,2026-03-12,CUST-1222,Keyboard,Accessories,East,2,47.58,0.15,80.89,Bank Transfer,Olivia
ORD-10193,2026-03-24,CUST-1026,Monitor,Electronics,West,3,331.17,0.1,894.16,PayPal,Michael
ORD-10790,2026-02-05,CUST-1209,Printer,Office Equipment,East,5,461.4,0.2,1845.6,Debit Card,Daniel
ORD-10652,2026-05-15,CUST-1147,Tablet,Electronics,West,5,856.26,0.2,3425.04,PayPal,Sophia
ORD-10169,2026-06-14,CUST-1202,Tablet,Electronics,West,5,787.91,0.0,3939.55,Bank Transfer,James
ORD-10513,2026-04-17,CUST-1207,Tablet,Electronics,West,4,732.15,0.15,,Debit Card,Michael
ORD-10140,2026-08-16,CUST-1058,Webcam,Accessories,West,4,87.45,0.15,297.33,Credit Card,Olivia
ORD-10173,2026-04-04,CUST-1173,Mouse,Accessories,West,5,97.57,0.1,439.06,Debit Card,Emma
ORD-10006,2026-03-13,CUST-1116,Tablet,Electronics,East,3,397.59,0.05,1133.13,Credit Card,Michael
ORD-10656,2026-03-18,CUST-1129,Tablet,Electronics,East,1,760.22,0.1,684.2,PayPal,James
ORD-10964,2026-01-03,CUST-1132,Keyboard,Accessories,North,5,46.3,0.2,185.2,PayPal,Olivia
ORD-10073,2026-04-21,CUST-1245,Tablet,Electronics,West,4,681.35,0.05,2589.13,Debit Card,Daniel
ORD-10764,2026-02-28,CUST-1123,Tablet,Electronics,East,1,882.43,0.05,838.31,Bank Transfer,Sophia
ORD-10653,2026-07-26,CUST-1046,Mouse,Accessories,North,2,76.69,0.0,153.38,Credit Card,Sophia
ORD-10238,2026-08-03,CUST-1101,Printer,Office Equipment,North,3,215.21,0.0,645.63,Bank Transfer,Sarah
ORD-10145,2026-01-30,CUST-1195,Headphones,Accessories,North,4,164.82,0.2,527.42,Bank Transfer,James
ORD-10808,2026-05-08,CUST-1173,Laptop,Electronics,East,4,1772.07,0.2,5670.62,Debit Card,Daniel
ORD-10234,2026-06-07,CUST-1189, Mouse ,Accessories,South,5,39.4,0.05,187.15,Credit Card,Sarah
ORD-10220,2026-01-19,CUST-1098,Printer,Office Equipment,North,3,417.54,0.2,1002.1,Debit Card,Sarah
ORD-10500,2026-03-22,CUST-1063,Mouse,Accessories,East,4,76.98,0.1,277.13,Debit Card,Olivia
ORD-10673,2026-03-27,CUST-1209,Mouse,Accessories,West,5,77.03,0.0,385.15,Debit Card,Sarah
ORD-10132,2026-08-01,CUST-1195,Mouse,Accessories,South,2,66.91,0.1,120.44,Credit Card,Daniel
ORD-10811,2026-08-14,CUST-1234,Monitor,Electronics,West,3,353.45,0.15,,PayPal,James
ORD-10433,2026-07-21,CUST-1195,Monitor,Electronics,West,4,251.76,0.15,855.98,PayPal,Sophia
ORD-10670,2026-05-21,CUST-1081,Headphones,Accessories,South,3,78.31,0.2,187.94,Debit Card,Sarah
ORD-10185,2026-05-15,CUST-1139,Laptop,Electronics,West,4,1190.45,0.0,4761.8,Bank Transfer,Daniel
ORD-10041,2026-04-01,CUST-1199,Webcam,Accessories,South,2,176.34,0.05,335.05,Debit Card,David
ORD-10625,2026-06-17,CUST-1035,Mouse,Accessories,South,3,89.01,0.2,213.62,PayPal,Michael
ORD-10108,2026-01-10,CUST-1032,Tablet,Electronics,West,4,821.82,0.0,3287.28,Credit Card,Michael
ORD-10603,2026-07-27,CUST-1076,Monitor,Electronics,North,5,428.19,0.05,2033.9,Bank Transfer,Sophia
ORD-10056,2026-01-13,CUST-1142,Mouse,Accessories,South,1,93.4,0.15,79.39,paypal,Olivia
ORD-10428,2026-02-26,CUST-1090,Mouse,Accessories, East ,3,79.54,0.15,202.83,Bank Transfer,Daniel
ORD-10468,2026-06-05,CUST-1234,Mouse,Accessories,,3,41.89,0.1,113.1,Debit Card,Michael
ORD-10576,2026-01-21,CUST-1215,Keyboard,Accessories,West,4,46.16,0.0,184.64,Debit Card,Emma
ORD-10877,2026-02-15,CUST-1201,Keyboard,Accessories,West,1,132.72,0.0,132.72,Bank Transfer,Olivia
ORD-10024,2026-03-05,CUST-1049,Mouse,Accessories,South,2,62.9,0.15,106.93,Bank Transfer,Sophia
ORD-10440,2026-06-17,CUST-1214,Laptop,Electronics,West,1,848.24,0.15,721.0,PayPal,Sarah
ORD-10882,2026-01-04,CUST-1048,Monitor,Electronics,South,2,526.39,0.0,1052.78,PayPal,Michael
ORD-10543,2026-08-03,CUST-1158,Tablet,Electronics,North,1,393.6,0.0,393.6,PayPal,James
ORD-10633,2026-08-10,CUST-1117,Mouse,Accessories,West,1,54.2,0.2,43.36,Bank Transfer,David
ORD-10830,2026-02-10,CUST-1069,Keyboard,Accessories,South,3,43.21,0.2,103.7,Credit Card,Sophia
ORD-10944,2026-04-10,CUST-1045,Laptop,Electronics,West,3,924.76,0.05,2635.57,Credit Card,Emma
ORD-10338,2026-08-18,CUST-1025,Keyboard,Accessories,East,5,122.77,0.15,521.77,PayPal,Olivia
ORD-10051,2026-04-14,CUST-1140,Laptop,Electronics,East,2,1103.87,0.15,1876.58,PayPal,Sophia
ORD-10383,2026-01-19,CUST-1095,Webcam,Accessories,East,3,122.04,0.1,329.51,Debit Card,Michael
ORD-10527,2026-05-28,CUST-1088,Webcam,Accessories,West,-1,143.01,0.05,135.86,Debit Card,Sarah
ORD-10938,2026-06-03,CUST-1064,Webcam,Accessories,,2,179.89,0.2,,Credit Card,Michael
ORD-10887,2026-04-13,CUST-1124,Printer,Office Equipment,North,1,231.17,0.2,184.94,PayPal,Olivia
ORD-10264,2026-03-26,CUST-1165,,Electronics,South,3,568.89,0.0,1706.67,Credit Card,Daniel
ORD-10549,2026-04-04,CUST-1047,Printer,Office Equipment,East,4,298.38,0.1,1074.17,PayPal,Daniel
ORD-10913,2026-08-01,CUST-1105,Monitor,Electronics,West,4,236.9,0.05,900.22,Debit Card,Sophia
ORD-10697,2026-05-29,CUST-1043,Laptop,Electronics,North,3,1456.32,0.2,3495.17,Bank Transfer,Sophia
ORD-10395,2026-03-02,CUST-1024,Laptop,Electronics,South,-1,1192.9,0.15,5069.82,Credit Card,Olivia
ORD-10529,2026-06-12,CUST-1001,Monitor,Electronics,West,4,529.3,0.2,1693.76,Credit Card,Sarah
ORD-10868,2026-05-21,CUST-1243,Webcam,Accessories,South,3,52.96,0.05,150.94,PayPal,Sarah
ORD-10018,2026-03-09,CUST-1135,Webcam,Accessories,East,5,175.01,0.05,831.3,PayPal,Olivia
ORD-10731,2026-01-21,CUST-1001,Laptop,Electronics,East,1,979.41,0.2,783.53,PayPal,Sophia
ORD-10678,2026-05-17,CUST-1118,Webcam,Accessories,South,2,122.68,0.2,,Debit Card,Sophia
ORD-10581,2026-03-25,CUST-1003,Keyboard,Accessories,West,5,127.38,0.0,636.9,Debit Card,James
ORD-10976,2026-03-25,CUST-1063,Laptop,Electronics,West,3,1429.46,0.05,4073.96,Debit Card,Sarah
ORD-10367,2026-07-29,CUST-1044,Laptop,Electronics,South,4,1752.1,0.2,5606.72,Credit Card,Sophia
ORD-10083,2026-03-19,CUST-1003,KEYBOARD,Accessories,East,1,70.17,0.2,56.14,Debit Card,Sophia
ORD-10061,2026-04-17,CUST-1015,Mouse,Accessories,North,4,86.63,0.2,277.22,PayPal,Sophia
ORD-10841,2026-07-30,CUST-1199,Printer,Office Equipment,West,4,314.88,0.1,1133.57,Credit Card,Michael
ORD-10272,2026-07-05,CUST-1164,Printer,Office Equipment,South,3,311.29,0.05,887.18,PayPal,Michael
ORD-10285,2026-05-09,CUST-1190,Tablet,Electronics,North,4,332.22,0.05,1262.44,Bank Transfer,David
ORD-10360,2026-02-06,CUST-1182,Headphones,Accessories,West,2,68.61,0.2,109.78,Bank Transfer,Sophia
ORD-10354,2026-08-23,CUST-1184,Tablet,Electronics,East,1,462.75,0.2,370.2,Credit Card,James
ORD-10481,2026-07-21,CUST-1129,Keyboard,Accessories,North,5,85.75,0.15,364.44,Bank Transfer,Emma
ORD-10278,2026-07-23,CUST-1101,Monitor,Electronics,South,4,349.22,0.15,1187.35,Debit Card,Daniel
ORD-10012,2026-06-02,CUST-1016,Webcam,Accessories,East,4,93.43,0.2,298.98,Credit Card,Sarah
ORD-10182,2026-03-02,CUST-1077,Monitor,Electronics,West,4,219.1,0.2,701.12,Credit Card,Sarah
ORD-10368,2026-01-27,CUST-1205,Keyboard,Accessories,South,1,53.36,0.05,50.69,Debit Card,David
ORD-10599,2026-07-16,CUST-1140,Headphones,Accessories,West,4,122.0,0.15,414.8,Credit Card,James
ORD-10630,2026-04-02,CUST-1020,Printer,Office Equipment,East,5,196.93,0.15,836.95,debit card,David
ORD-10223,2026-03-25,CUST-1238,Tablet,Electronics,East,5,397.5,0.1,1788.75,PayPal,Daniel
ORD-10971,2026-03-14,CUST-1044,Mouse,Accessories,South,2,90.83,0.1,163.49,Debit Card,Emma
ORD-10714,2026-01-28,CUST-1036,Webcam,Accessories,East,1,70.57,0.15,59.98,Credit Card,James
ORD-10777,2026-03-19,CUST-1121,Tablet,Electronics,North,5,339.67,0.15,1443.6,Credit Card,David
ORD-10557,2026-06-11,CUST-1244,Keyboard,Accessories,West,3,135.51,0.15,345.55,Credit Card,Sarah
ORD-10465,2026-08-26,CUST-1162,Monitor,Electronics,South,4,508.86,0.15,1730.12,PayPal,James
ORD-10597,2026-05-10,CUST-1086,Keyboard,Accessories,East,5,98.73,0.15,419.6,Bank Transfer,Olivia
ORD-10707,2026-05-14,CUST-1086,Keyboard,Accessories,North,1,74.46,0.0,74.46,Credit Card,David
ORD-10176,2026-06-14,CUST-1123,Tablet,Electronics,North,1,632.72,0.2,506.18,Bank Transfer,Sarah
ORD-10680,2026-02-14,CUST-1169,monitor,Electronics,North,5,495.75,0.15,2106.94,PayPal,Olivia
ORD-10853,2026-01-03,CUST-1120,Keyboard,Accessories,West,4,135.86,0.05,516.27,PayPal,Daniel
ORD-10954,2026-01-17,CUST-1160,Monitor,Electronics,East,4,211.15,0.0,844.6,Bank Transfer,Emma
ORD-10456,2026-05-10,CUST-1217,Printer,Office Equipment,West,2,448.15,0.0,896.3,Bank Transfer,Emma
ORD-10532,2026-01-09,CUST-1200,Mouse,Accessories,South,1,69.22,0.1,62.3,Credit Card,Michael
ORD-10393,2026-06-30,CUST-1007,,Accessories,West,2,171.94,0.2,275.1,Debit Card,James
ORD-10163,2026-04-29,CUST-1148,Laptop,Electronics,East,5,1249.73,0.05,5936.22,PayPal,Michael
ORD-10248,2026-02-12,CUST-1083,Printer,Office Equipment,West,2,190.68,0.2,305.09,Credit Card,Sophia
ORD-10649,2026-07-29,CUST-1017,Webcam,Accessories,West,1,158.06,0.1,142.25,Debit Card,Sarah
ORD-10902,2026-07-21,CUST-1058,Keyboard,Accessories,West,4,128.19,0.15,435.85,Bank Transfer,James
ORD-10684,2026-03-18,CUST-1145,Headphones,Accessories,North,4,233.7,0.1,841.32,Credit Card,David
ORD-10375,2026-05-03,CUST-1139,Printer,Office Equipment,East,5,270.41,0.2,1081.64,PayPal,Daniel
ORD-10412,2026-02-24,CUST-1233,Webcam,Accessories,North,5,143.73,0.1,646.78,Debit Card,Sarah
ORD-10074,2026-06-07,CUST-1206,Printer,Office Equipment,East,5,312.71,0.1,1407.19,Debit Card,Sarah
ORD-10113,2026-04-06,CUST-1110,Keyboard,Accessories,South,4,66.86,0.2,213.95,Debit Card,Michael
ORD-10583,2026-05-08,CUST-1023,Tablet,Electronics,East,1,858.51,0.0,858.51,Debit Card,Sarah
ORD-10572,2026-02-16,CUST-1034,Headphones,Accessories,West,4,72.07,0.2,230.62,Bank Transfer,Sophia
ORD-10390,2026-05-20,CUST-1096,Monitor,Electronics,South,5,531.52,0.05,2524.72,PayPal,Sarah
ORD-10104,2026-07-17,CUST-1202,Webcam,Accessories,North,5,87.58,0.1,394.11,Bank Transfer,Daniel
ORD-10114,2026-01-21,CUST-1156,Webcam,Accessories,South,2,126.76,0.15,215.49,Debit Card,Sophia
ORD-10417,2026-08-03,CUST-1228,Headphones,Accessories,North,1,199.79,0.1,179.81,PayPal,James
ORD-10668,2026-02-21,CUST-1049,Headphones,Accessories,North,3,105.33,0.15,268.59,Bank Transfer,Michael
ORD-10457,2026-03-26,CUST-1248,Headphones,Accessories,West,2,60.07,0.2,96.11,PayPal,Emma
ORD-10409,2026-06-26,CUST-1060,Laptop,Electronics,North,3,1545.75,0.1,4173.53,Bank Transfer,Daniel
ORD-10092,2026-07-22,CUST-1078,Headphones,Accessories,West,4,137.83,0.1,496.19,Bank Transfer,Sophia
ORD-10819,2026-06-28,CUST-1120,Laptop,Electronics,West,4,1785.76,0.2,5714.43,Bank Transfer,Sarah
ORD-10089,2026-02-10,CUST-1000,Webcam,Accessories,East,5,103.07,0.15,438.05,Credit Card,Emma
ORD-10336,2026-02-05,CUST-1097,Keyboard,Accessories,North,2,110.57,0.0,221.14,Debit Card,Sophia
ORD-10859,2026-03-22,CUST-1188,Printer,Office Equipment,West,2,417.29,0.2,,Credit Card,Emma
ORD-10939,2026-07-09,CUST-1136,Monitor,Electronics,South,4,320.26,0.0,1281.04,Bank Transfer,David
ORD-10951,2026-06-24,CUST-1132,Printer,Office Equipment,South,5,323.45,0.0,1617.25,Credit Card,Daniel
ORD-10883,2026-06-16,CUST-1061,Webcam,Accessories,North,5,157.89,0.05,749.98,Bank Transfer,Sophia
ORD-10620,2026-02-20,CUST-1128,Printer,Office Equipment,South,1,346.24,0.0,346.24,Bank Transfer,Olivia
ORD-10789,2026-08-23,CUST-1019,Monitor,Electronics,East,1,527.54,0.15,448.41,Bank Transfer,Olivia
ORD-10626,2026-06-17,CUST-1238,Keyboard,Accessories,North,5,74.92,0.2,,Debit Card,Olivia
ORD-10094,2026-02-28,CUST-1246,Laptop,Electronics,North,3,1799.57,0.2,4318.97,Debit Card,Sophia
ORD-10011,2026-02-05,CUST-1130,Printer,Office Equipment, South ,1,181.82,0.0,181.82,Debit Card,David
ORD-10396,2026-01-01,CUST-1109,Monitor,Electronics,South,5,317.82,0.15,1350.73,Credit Card,James
ORD-10545,2026-05-06,CUST-1046,Headphones,Accessories,North,5,129.58,0.05,615.51,PayPal,Sophia
ORD-10043,2026-04-08,CUST-1223,Laptop,Electronics,West,2,1658.59,0.05,3151.32,Bank Transfer,Daniel
ORD-10042,2026-01-07,CUST-1045,Tablet,Electronics,East,4,769.43,0.05,2923.83,Debit Card,Sarah
ORD-10167,2026-05-23,CUST-1173,Webcam,Accessories,East,5,79.78,0.05,378.95,Credit Card,Michael
ORD-10416,2026-03-03,CUST-1095,Printer,Office Equipment,East,2,357.92,0.15,608.46,Bank Transfer,Michael
ORD-10876,2026-04-29,CUST-1169,Headphones,Accessories,North,5,121.09,0.0,605.45,Credit Card,Sophia
ORD-10426,2026-03-29,CUST-1185,mouse,Accessories,East,4,74.91,0.1,269.68,Debit Card,Michael
ORD-10899,2026-07-07,CUST-1222,Monitor,Electronics,South,3,261.72,0.1,706.64,Credit Card,Emma
ORD-10980,2026-03-20,CUST-1108,Webcam,Accessories,North,3,119.99,0.1,323.97,Debit Card,Sarah
ORD-10975,2026-06-03,CUST-1109,Mouse,Accessories,South,5,93.68,0.2,374.72,Bank Transfer,Michael
ORD-10687,2026-04-08,CUST-1111,Mouse,Accessories,South,4,73.0,0.05,277.4,PayPal,Olivia
ORD-10257,2026-06-02,CUST-1008,Printer,Office Equipment,North,1,359.22,0.05,341.26,PayPal,Sophia
ORD-10335,2026-01-19,CUST-1058,Webcam,Accessories,East,-1,52.51,0.0,52.51,Bank Transfer,Daniel
ORD-10015,2026-02-09,CUST-1095,Keyboard,Accessories,East,5,99.33,0.0,496.65,PayPal,James
ORD-10644,2026-05-20,CUST-1206, Laptop ,Electronics,South,4,1407.98,0.05,5350.32,PayPal,Sophia
ORD-10324,2026-03-24,CUST-1250,Headphones,Accessories,North,3,107.87,0.2,258.89,Debit Card,David
ORD-10774,2026-07-03,CUST-1218,Webcam,Accessories,East,3,91.75,0.0,275.25,Bank Transfer,Olivia
ORD-10222,2026-01-12,CUST-1009,Keyboard,Accessories,West,4,118.5,0.2,379.2,Debit Card,Michael
ORD-10179,2026-04-09,CUST-1020,Tablet,Electronics,East,3,434.72,0.0,1304.16,Debit Card,Michael
ORD-10660,2026-07-24,CUST-1234,Tablet,Electronics,North,2,339.73,0.1,,Bank Transfer,David
ORD-10521,2026-04-05,CUST-1223,Laptop,Electronics,West,4,1497.64,0.05,,PayPal,Olivia
ORD-10022,2026-07-20,CUST-1121,Webcam,Accessories,East,1,66.66,0.15,56.66,PayPal,David
ORD-10356,2026-01-23,CUST-1141,Printer,Office Equipment,East,2,152.79,0.1,275.02,Debit Card,Sophia
ORD-10961,2026-08-20,CUST-1146,Keyboard,Accessories,West,3,110.11,0.1,297.3,paypal,Sophia
ORD-10905,2026-04-18,CUST-1102,Headphones,Accessories,North,3,194.31,0.1,524.64,Bank Transfer,Michael
ORD-10340,2026-02-22,CUST-1132,Mouse,Accessories,South,3,79.83,0.0,239.49,PayPal,David
ORD-10431,2026-03-29,CUST-1104,Printer,Office Equipment,West,2,200.13,0.0,400.26,bank transfer,Michael
ORD-10773,2026-02-19,CUST-1125,Tablet,Electronics,East,5,661.9,0.0,3309.5,PayPal,Michael
ORD-10850,2026-02-18,CUST-1242,Headphones,Accessories,South,4,107.59,0.15,365.81,PayPal,Emma
ORD-10203,2026-05-22,CUST-1146,Tablet,Electronics,North,5,580.44,0.05,2757.09,Credit Card,Daniel
ORD-10917,2026-05-02,CUST-1008,Keyboard,Accessories,West,3,143.85,0.0,431.55,Credit Card,Sarah
ORD-10093,2026-04-23,CUST-1020,,Electronics,East,3,1689.42,0.2,4054.61,Credit Card,Sarah
ORD-10570,2026-02-11,CUST-1183,Webcam,Accessories,North,2,155.98,0.1,280.76,PayPal,Emma
ORD-10068,2026-03-05,CUST-1051,Laptop,Electronics,West,2,1421.34,0.05,2700.55,Credit Card,Emma
ORD-10754,2026-08-16,CUST-1013,Monitor,Electronics,North,4,353.18,0.2,1130.18,Bank Transfer,Olivia
ORD-10284,2026-05-26,CUST-1213,Webcam,Accessories,West,5,134.78,0.1,606.51,Debit Card,Sarah
ORD-10927,2026-03-12,CUST-1201,Mouse,Accessories,North,5,39.62,0.15,168.38,Bank Transfer,David
ORD-10434,2026-04-09,CUST-1001,Laptop,Electronics,East,3,1333.78,0.0,4001.34,Debit Card,James
ORD-10153,2026-01-02,CUST-1127,Webcam,Accessories,South,4,64.6,0.2,206.72,Bank Transfer,Sarah
ORD-10075,2026-03-13,CUST-1225,Printer,Office Equipment,West,4,235.35,0.2,753.12,Bank Transfer,James
ORD-10746,2026-01-04,CUST-1186,Webcam,Accessories,East,2,143.07,0.05,271.83,PayPal,Emma
ORD-10446,2026-07-19,CUST-1130,Monitor,Electronics,South,1,489.43,0.1,440.49,PayPal,Daniel
ORD-10188,2026-01-17,CUST-1183,Printer,Office Equipment,South,2,162.94,0.0,325.88,Credit Card,Olivia
ORD-10271,2026-02-20,CUST-1084,Mouse,Accessories,East,2,50.39,0.15,85.66,Bank Transfer,Sophia
ORD-10236,2026-05-03,CUST-1166,Mouse,Accessories,East,3,80.47,0.1,217.27,Credit Card,Sarah
ORD-10487,2026-05-18,CUST-1212,Webcam,Accessories,North,1,130.52,0.05,123.99,PayPal,Olivia
ORD-10117,2026-02-20,CUST-1098,Printer,Office Equipment,East,4,187.33,0.2,599.46,Bank Transfer,Daniel
ORD-10835,2026-03-07,CUST-1220,Laptop,Electronics,East,3,1290.36,0.0,3871.08,PayPal,Sophia
ORD-10512,2026-02-28,CUST-1019,Headphones,Accessories,East,2,92.3,0.05,175.37,Credit Card,Emma
ORD-10076,2026-05-07,CUST-1217,Tablet,Electronics,East,2,409.1,0.1,,Bank Transfer,Daniel
ORD-10685,2026-08-05,CUST-1032,,Accessories,North,5,62.48,0.0,312.4,Bank Transfer,Sarah
ORD-10126,2026-08-21,CUST-1179,Headphones,Accessories,North,1,179.85,0.05,170.86,Credit Card,Daniel
ORD-10116,2026-04-24,CUST-1241,Tablet,Electronics,East,3,892.59,0.15,2276.1,PayPal,Daniel
ORD-10473,2026-06-24,CUST-1064,Keyboard,Accessories,North,3,132.33,0.05,377.14,Bank Transfer,Sophia
ORD-10708,2026-01-26,CUST-1134,Monitor,Electronics,East,3,474.2,0.05,1351.47,Bank Transfer,Emma
ORD-10057,2026-07-13,CUST-1228,Printer,Office Equipment,West,5,364.43,0.15,1548.83,Debit Card,Sophia
ORD-10689,2026-02-06,CUST-1184,Printer,Office Equipment,South,2,380.27,0.0,760.54,PayPal,Sophia
ORD-10929,2026-01-07,CUST-1220,Tablet,Electronics,North,1,529.21,0.0,529.21,Debit Card,Daniel
ORD-10369,2026-04-06,CUST-1175,Monitor,Electronics,North,3,432.93,0.0,1298.79,Credit Card,Emma
ORD-10268,2026-04-30,CUST-1136,Tablet,Electronics,West,3,485.05,0.2,1164.12,PayPal,Sarah
ORD-10046,2026-08-13,CUST-1248,Headphones,Accessories,North,3,85.71,0.0,257.13,PayPal,Olivia
ORD-10349,2026-07-07,CUST-1226,Monitor,Electronics,West,1,508.57,0.1,457.71,Bank Transfer,Sarah
ORD-10195,2026-01-20,CUST-1171,Webcam,Accessories,South,2,90.86,0.0,181.72,PayPal,James
ORD-10319,2026-05-18,CUST-1073,Keyboard,Accessories,North,5,125.88,0.15,534.99,Credit Card,Daniel
ORD-10851,2026-06-03,CUST-1055,Headphones,Accessories,South,2,195.34,0.15,332.08,PayPal,Michael
ORD-10706,2026-03-11,CUST-1068,MONITOR,Electronics,West,5,302.14,0.15,1284.09,Debit Card,Emma
ORD-10752,2026-08-09,CUST-1160,Monitor,Electronics,North,3,353.95,0.2,849.48,Bank Transfer,David
ORD-10263,2026-05-24,CUST-1105,Webcam,Accessories,South,2,118.02,0.15,200.63,Bank Transfer,Emma
ORD-10443,2026-01-30,CUST-1200,Monitor,Electronics,East,5,399.1,0.05,1895.72,Debit Card,Olivia
ORD-10958,2026-01-17,CUST-1026,Laptop,Electronics,West,3,1359.26,0.15,3466.11,Credit Card,David
ORD-10304,2026-04-11,CUST-1118,Keyboard,Accessories,North,1,77.95,0.15,66.26,Bank Transfer,David
ORD-10341,2026-01-29,CUST-1061,Printer,Office Equipment,North,1,373.33,0.2,298.66,Bank Transfer,Olivia
ORD-10613,2026-06-07,CUST-1210,Printer,Office Equipment,South,4,368.11,0.0,1472.44,Debit Card,Olivia
ORD-10986,2026-07-17,CUST-1076,Headphones,Accessories,North,4,214.46,0.15,729.16,PayPal,Michael
ORD-10149,2026-02-10,CUST-1193,Laptop,Electronics,West,3,1473.97,0.15,3758.62,PayPal,Sophia
ORD-10124,2026-01-04,CUST-1067,Monitor,Electronics,West,3,381.91,0.2,916.58,Bank Transfer,Sarah
ORD-10802,2026-02-18,CUST-1219, Monitor ,Electronics,South,4,557.9,0.1,2008.44,Credit Card,Sophia
ORD-10869,2026-01-06,CUST-1218,Mouse,Accessories,South,4,33.04,0.1,118.94,Credit Card,Daniel
ORD-10050,2026-04-14,CUST-1178,Headphones,Accessories,West,2,160.88,0.15,273.5,Debit Card,Daniel
ORD-10353,2026-08-27,CUST-1245,Laptop,Electronics,East,4,1352.86,0.05,5140.87,Debit Card,David
ORD-10945,2026-07-10,CUST-1005,Headphones,Accessories, North ,3,186.11,0.05,530.41,Bank Transfer,Emma
ORD-10142,2026-01-24,CUST-1110,Monitor,Electronics,North,3,497.84,0.05,1418.84,Bank Transfer,Sarah
ORD-10470,2026-06-09,CUST-1182,Headphones,Accessories,East,2,187.32,0.05,355.91,Credit Card,Olivia
ORD-10399,2026-04-05,CUST-1047,Printer,Office Equipment,East,4,165.62,0.15,563.11,Debit Card,Daniel
ORD-10716,2026-06-20,CUST-1099,Headphones,Accessories,North,3,80.32,0.15,204.82,PayPal,Sophia
ORD-10320,2026-07-18,CUST-1139,Tablet,Electronics,South,1,625.23,0.15,531.45,PayPal,Sarah
ORD-10019,2026-04-23,CUST-1230,Printer,Office Equipment,East,2,192.35,0.0,384.7,Credit Card,Emma
ORD-10826,2026-05-14,CUST-1051,Tablet,Electronics,East,2,577.49,0.05,1097.23,PayPal,David
ORD-10806,2026-04-02,CUST-1121,Webcam,Accessories,South,5,178.25,0.1,802.12,PayPal,Sarah
ORD-10825,2026-06-10,CUST-1180, Keyboard ,Accessories,East,2,103.45,0.15,175.87,PayPal,James
ORD-10407,2026-07-21,CUST-1073,Tablet,Electronics,West,3,826.74,0.15,2108.19,PayPal,James
ORD-10537,2026-08-13,CUST-1137,Headphones,Accessories,West,4,,0.2,604.29,Debit Card,Olivia
ORD-10635,2026-07-08,CUST-1010,Webcam,Accessories,East,1,112.26,0.05,106.65,paypal,David
ORD-10038,2026-01-12,CUST-1000,Tablet,Electronics,West,3,762.67,0.05,2173.61,PayPal,James
ORD-10175,2026-07-19,CUST-1097,Webcam,Accessories,South,2,175.28,0.2,280.45,Bank Transfer,James
ORD-10245,2026-06-26,CUST-1030,Headphones,Accessories,South,2,123.51,0.05,234.67,PayPal,Michael
ORD-10845,2026-04-26,CUST-1122,Keyboard,Accessories,East,5,68.67,0.1,309.02,Debit Card,Sarah
ORD-10682,2026-05-07,CUST-1165,Laptop,Electronics,North,2,890.53,0.2,1424.85,Debit Card,Michael
ORD-10770,2026-03-28,CUST-1176,Monitor,Electronics,North,1,492.66,0.05,468.03,Bank Transfer,James
ORD-10968,2026-06-27,CUST-1058,Printer,Office Equipment,East,2,368.37,0.15,626.23,PayPal,Emma
ORD-10154,2026-04-12,CUST-1220,Laptop,Electronics,East,4,1236.22,0.0,4944.88,PayPal,David
ORD-10287,2026-04-21,CUST-1047,Webcam,Accessories,South,5,52.0,0.1,234.0,Credit Card,Sarah
ORD-10617,2026-03-07,CUST-1043,Laptop,Electronics,North,5,1084.01,0.1,4878.05,PayPal,James
ORD-10569,2026-06-02,CUST-1059,Laptop,Electronics,West,2,1348.21,0.15,2291.96,PayPal,Emma
ORD-10759,2026-04-11,CUST-1229,Keyboard,Accessories,South,1,71.72,0.0,71.72,Bank Transfer,Sarah
ORD-10017,2026-01-22,CUST-1187,Printer,Office Equipment,South,5,435.61,0.05,2069.15,PayPal,Michael
ORD-10127,2026-05-07,CUST-1029,Monitor,Electronics,West,5,293.92,0.05,1396.12,PayPal,Olivia
ORD-10322,2026-04-23,CUST-1221,monitor,Electronics,East,2,510.25,0.05,969.47,PayPal,Michael
ORD-10255,2026-07-30,CUST-1058,Mouse,Accessories,South,2,56.85,0.1,102.33,Credit Card,James
ORD-10688,2026-08-04,CUST-1106, Keyboard ,Accessories, North ,2,71.73,0.05,136.29,Credit Card,James
ORD-10984,2026-07-21,CUST-1070,Mouse,Accessories,North,1,27.87,0.1,25.08,Debit Card,Olivia
ORD-10190,2026-03-15,CUST-1091,Laptop,Electronics,North,3,1665.8,0.1,4497.66,Bank Transfer,David
ORD-10115,2026-06-13,CUST-1065,Printer,Office Equipment,East,1,239.36,0.15,203.46,Debit Card,Sarah
ORD-10631,2026-05-06,CUST-1121,Keyboard,Accessories,West,2,58.02,0.0,116.04,Credit Card,Daniel
ORD-10606,2026-06-12,CUST-1199,Webcam,Accessories,East,5,47.58,0.0,237.9,Debit Card,Olivia
ORD-10180,2026-01-10,CUST-1073,Printer,Office Equipment,West,2,393.63,0.15,669.17,Credit Card,Sarah
ORD-10301,2026-05-17,CUST-1129,Webcam,Accessories,North,3,116.11,0.2,278.66,Credit Card,Emma
ORD-10940,2026-02-23,CUST-1156,Tablet,Electronics,West,3,830.36,0.1,2241.97,Bank Transfer,Emma
ORD-10728,2026-08-03,CUST-1246,Mouse,Accessories,East,5,81.14,0.05,385.41,Credit Card,Sarah
ORD-10739,2026-07-11,CUST-1173,Tablet,Electronics,South,1,438.04,0.1,394.24,Credit Card,Emma
ORD-10973,2026-08-28,CUST-1053,Headphones,Accessories,South,3,141.24,0.1,,PayPal,Sarah
ORD-10787,2026-05-13,CUST-1072,Tablet,Electronics,South,4,767.28,0.1,2762.21,Credit Card,Emma
ORD-10517,2026-06-03,CUST-1036,Keyboard,Accessories,South,5,108.55,0.1,488.48,Bank Transfer,Sophia
ORD-10411,2026-07-18,CUST-1211,Tablet,Electronics,North,4,461.65,0.2,,Debit Card,Sophia
ORD-10045,2026-07-17,CUST-1071,Tablet,Electronics,East,4,684.89,0.2,2191.65,Credit Card,Sarah
ORD-10926,2026-05-26,CUST-1133,Mouse,Accessories,North,5,80.04,0.0,400.2,Debit Card,James
ORD-10157,2026-04-12,CUST-1222,Headphones,Accessories,South,2,199.16,0.1,358.49,Credit Card,Sarah
ORD-10760,2026-06-28,CUST-1037,Printer,Office Equipment,North,2,202.67,0.2,324.27,Bank Transfer,David
ORD-10171,2026-02-09,CUST-1019,Headphones,Accessories,North,1,218.89,0.2,175.11,Bank Transfer,Michael
ORD-10016,2026-01-29,CUST-1237,Tablet,Electronics,North,3,827.23,0.05,2357.61,Debit Card,Sarah
ORD-10511,2026-05-05,CUST-1202,Printer,Office Equipment,South,1,460.51,0.2,368.41,PayPal,Michael
ORD-10048,2026-01-12,CUST-1181,Webcam,Accessories,East,5,40.24,0.05,191.14,PayPal,Sarah
ORD-10991,2026-05-31,CUST-1005,Laptop,Electronics,West,2,1722.14,0.1,3099.85,PayPal,Emma
ORD-10857,2026-02-06,CUST-1066,Monitor,Electronics,East,2,325.31,0.15,553.03,Bank Transfer,David
ORD-10515,2026-08-17,CUST-1146,Keyboard,Accessories,West,3,46.15,0.05,131.53,Credit Card,Daniel
ORD-10911,2026-03-28,CUST-1060,Mouse,Accessories,South,3,48.03,0.2,115.27,PayPal,Emma
ORD-10480,2026-07-22,CUST-1146,Tablet,Electronics,South,3,343.73,0.2,824.95,Debit Card,Sarah
ORD-10283,2026-01-05,CUST-1246,mouse,Accessories,East,4,66.96,0.0,267.84,Debit Card,Emma
ORD-10734,2026-04-18,CUST-1001,Mouse,Accessories,East,5,35.35,0.0,176.75,Debit Card,Sophia
ORD-10669,2026-02-10,CUST-1070,Monitor,Electronics,North,5,206.1,0.2,824.4,Debit Card,Olivia
ORD-10225,2026-03-09,CUST-1247,Mouse,Accessories,South,5,77.71,0.15,330.27,PayPal,Michael
ORD-10026,2026-08-26,CUST-1192,Mouse,Accessories,South,4,33.3,0.15,113.22,PayPal,James
ORD-10798,2026-04-23,CUST-1172,MONITOR,Electronics,West,3,272.34,0.15,694.47,Debit Card,Emma
ORD-10437,2026-04-22,CUST-1227,Keyboard,Accessories,South,4,77.7,0.1,279.72,Debit Card,David
ORD-10969,2026-04-13,CUST-1047,Laptop,Electronics,North,1,1162.82,0.1,1046.54,Credit Card,Michael
ORD-10364,2026-04-26,CUST-1119,Tablet,Electronics,South,5,543.91,0.1,2447.59,PayPal,Daniel
ORD-10229,2026-04-28,CUST-1233,Tablet,Electronics,West,3,627.76,0.2,1506.62,Debit Card,Emma
ORD-10037,2026-02-22,CUST-1175,Headphones,Accessories,North,3,151.08,0.0,453.24,PayPal,Daniel
ORD-10985,2026-02-20,CUST-1172,Tablet,Electronics,South,3,450.01,0.05,1282.53,Bank Transfer,James
ORD-10374,2026-03-13,CUST-1098,Keyboard,Accessories,North,5,86.12,0.05,409.07,PayPal,Olivia
ORD-10469,2026-04-16,CUST-1154,Headphones,Accessories,South,5,218.61,0.1,983.75,Debit Card,Emma
ORD-10987,2026-08-10,CUST-1101,Mouse,Accessories,South,2,38.15,0.15,64.85,PayPal,Sophia
ORD-10867,2026-07-07,CUST-1187,Keyboard,Accessories,East,1,63.25,0.1,56.93,Credit Card,Sarah
ORD-10908,2026-02-24,CUST-1023,Headphones,Accessories,North,2,154.27,0.0,308.54,Bank Transfer,Emma
ORD-10741,2026-08-16,CUST-1111,Keyboard,Accessories,South,5,63.78,0.15,271.06,PayPal,Olivia
ORD-10194,2026-06-26,CUST-1113,Tablet,Electronics,West,3,568.28,0.2,1363.87,Bank Transfer,James
ORD-10934,2026-01-17,CUST-1123,LAPTOP,Electronics,East,2,1207.49,0.0,2414.98,Credit Card,Emma
ORD-10881,2026-06-08,CUST-1208,Tablet,Electronics,North,4,714.4,0.1,2571.84,Debit Card,Michael
ORD-10503,2026-08-06,CUST-1129,Laptop,Electronics,South,5,1612.64,0.15,6853.72,Credit Card,Daniel
ORD-10989,2026-04-26,CUST-1218,Laptop,Electronics, East ,5,1174.7,0.05,5579.82,Credit Card,Sophia
ORD-10847,2026-08-25,CUST-1142, Mouse ,Accessories,East,4,92.55,0.05,351.69,Debit Card,James
ORD-10579,2026-06-24,CUST-1246,Headphones,Accessories,North,2,237.24,0.0,474.48,Bank Transfer,Sophia
ORD-10988,2026-03-29,CUST-1202,Monitor,Electronics,West,2,325.23,0.15,552.89,Debit Card,Sophia
ORD-10162,2026-03-21,CUST-1118,Printer,Office Equipment,North,3,,0.1,440.53,Credit Card,David
ORD-10717,2026-04-22,CUST-1103,Monitor,Electronics,West,1,416.05,0.15,353.64,Credit Card,Olivia
ORD-10152,2026-01-02,CUST-1052,Headphones,Accessories,East,2,239.06,0.1,430.31,Bank Transfer,Sarah
ORD-10696,2026-07-24,CUST-1075,Headphones,Accessories,East,5,83.5,0.1,375.75,Credit Card,Sophia
ORD-10715,2026-01-19,CUST-1018,Headphones,Accessories,South,1,205.45,0.15,174.63,Credit Card,James
ORD-10928,2026-05-31,CUST-1011,Printer,Office Equipment,West,1,451.69,0.1,406.52,Debit Card,David
ORD-10111,2026-06-11,CUST-1175,Headphones,Accessories,North,1,249.49,0.15,212.07,Credit Card,Sophia
ORD-10226,2026-07-30,CUST-1174,Mouse,Accessories,North,1,22.53,0.05,21.4,PayPal,Olivia
ORD-10703,2026-02-12,CUST-1118,Webcam,Accessories,South,4,106.67,0.2,341.34,PayPal,David
ORD-10103,2026-05-01,CUST-1062,Printer,Office Equipment,South,4,342.94,0.05,1303.17,Credit Card,Daniel
ORD-10421,2026-03-06,CUST-1055,Printer,Office Equipment,West,5,255.75,0.2,1023.0,Credit Card,James
ORD-10419,2026-08-10,CUST-1199,laptop,Electronics,North,2,1274.1,0.05,2420.79,Debit Card,Daniel
ORD-10848,2026-04-13,CUST-1158,Webcam,Accessories,East,2,124.05,0.0,248.1,Debit Card,Sarah
ORD-10586,2026-05-19,CUST-1178,Printer,Office Equipment,,2,216.42,0.2,346.27,Bank Transfer,Sophia
ORD-10796,2026-08-07,CUST-1128,Mouse,Accessories,North,1,60.39,0.0,60.39,Debit Card,Emma
ORD-10672,2026-01-28,CUST-1098,Laptop,Electronics,West,4,886.12,0.05,3367.26,Bank Transfer,Daniel
ORD-10119,2026-06-05,CUST-1205,Tablet,Electronics,East,2,431.4,0.2,690.24,Debit Card,Sarah
ORD-10053,2026-07-29,CUST-1243,Mouse,Accessories,South,2,73.82,0.05,140.26,Credit Card,James
ORD-10151,2026-06-23,CUST-1173,Printer,Office Equipment,South,3,334.43,0.0,1003.29,PayPal,James
ORD-10403,2026-02-14,CUST-1242,Keyboard,Accessories,North,2,146.94,0.05,279.19,PayPal,Sarah
ORD-10963,2026-03-21,CUST-1149,Keyboard,Accessories,East,3,56.21,0.2,134.9,Bank Transfer,Olivia
ORD-10207,2026-03-24,CUST-1239,Mouse,Accessories,North,5,47.68,0.1,214.56,Bank Transfer,Emma
ORD-10658,2026-05-04,CUST-1039,Printer,Office Equipment,West,5,462.22,0.1,2079.99,PayPal,James
ORD-10883,2026-06-16,CUST-1061,Webcam,Accessories,North,5,157.89,0.05,749.98,Bank Transfer,Sophia
ORD-10778,2026-06-13,CUST-1234,Headphones,Accessories,South,5,132.9,0.15,564.82,Debit Card,Michael
ORD-10008,2026-02-28,CUST-1210,Laptop,Electronics,North,4,1605.05,0.1,5778.18,Debit Card,Olivia
ORD-10824,2026-06-19,CUST-1138,Tablet,Electronics,West,4,420.05,0.1,1512.18,Debit Card,James
ORD-10036,2026-03-09,CUST-1029,Monitor,Electronics,East,2,496.97,0.1,894.55,Debit Card,Olivia
ORD-10452,2026-02-16,CUST-1156,Webcam,Accessories,South,5,149.08,0.0,745.4,PayPal,Sophia
ORD-10651,2026-01-28,CUST-1146,Monitor,Electronics,West,5,393.47,0.1,1770.62,Bank Transfer,Daniel
ORD-10253,2026-04-07,CUST-1020,Keyboard,Accessories,South,3,111.89,0.0,335.67,PayPal,Michael
ORD-10303,2026-01-28,CUST-1002,Monitor,Electronics,South,5,303.5,0.2,1214.0,PayPal,Olivia
ORD-10762,2026-01-17,CUST-1005,Mouse,Accessories,West,5,86.8,0.1,390.6,Bank Transfer,Olivia
ORD-10571,2026-05-13,CUST-1195,Headphones,Accessories,West,5,106.94,0.1,481.23,Debit Card,Sarah
ORD-10623,2026-03-29,CUST-1229,Webcam,Accessories,South,1,131.97,0.15,112.17,PayPal,Emma
ORD-10858,2026-03-14,CUST-1231,Headphones,Accessories,East,3,172.59,0.2,414.22,PayPal,Michael
ORD-10758,2026-04-26,CUST-1158,Tablet,Electronics,West,1,779.94,0.05,740.94,Credit Card,Sarah
ORD-10262,2026-04-07,CUST-1047,Printer,Office Equipment,South,2,234.34,0.1,421.81,PayPal,James
ORD-10610,2026-04-12,CUST-1166,Mouse,Accessories,South,5,64.89,0.05,308.23,Credit Card,Daniel
ORD-10297,2026-05-28,CUST-1200,Mouse,Accessories,East,3,46.07,0.15,117.48,Credit Card,Emma
ORD-10414,2026-08-13,CUST-1213,Mouse,Accessories,West,2,86.96,0.0,173.92,Credit Card,Olivia
ORD-10150,2026-04-17,CUST-1069,Mouse,Accessories,West,1,80.4,0.1,72.36,Credit Card,Daniel
ORD-10861,2026-01-30,CUST-1229,Printer,Office Equipment,West,3,164.28,0.2,394.27,PayPal,Sophia
ORD-10640,2026-01-22,CUST-1134,Webcam,Accessories,South,5,141.76,0.2,567.04,PayPal,David
ORD-10906,2026-06-29,CUST-1103,Printer,Office Equipment,West,5,375.36,0.2,1501.44,Bank Transfer,David
ORD-10550,2026-04-26,CUST-1046,Keyboard,Accessories,East,2,147.72,0.0,295.44,Debit Card,David
ORD-10807,2026-02-01,CUST-1064,Printer,Office Equipment,North,2,324.05,0.0,648.1,Credit Card,Sarah
ORD-10488,2026-01-10,CUST-1022,Monitor,Electronics,North,3,221.71,0.2,532.1,Debit Card,Daniel
ORD-10710,2026-08-08,CUST-1154,Keyboard,Accessories,North,5,81.36,0.05,386.46,Debit Card,Daniel
ORD-10147,2026-01-18,CUST-1036,Laptop,Electronics,West,5,891.76,0.05,4235.86,PayPal,Sophia
ORD-10146,2026-02-16,CUST-1069,Headphones,Accessories,South,3,234.31,0.0,702.93,Debit Card,David
ORD-10736,2026-02-15,CUST-1040,Laptop,Electronics,South,3,854.03,0.1,2305.88,PayPal,Daniel
ORD-10949,2026-08-14,CUST-1133,Headphones,Accessories,East,1,88.37,0.2,70.7,PayPal,James
ORD-10755,2026-02-14,CUST-1165,Monitor,Electronics,East,2,424.3,0.05,806.17,Debit Card,Sarah
ORD-10659,2026-08-02,CUST-1133,Headphones,Accessories,North,3,162.99,0.2,391.18,Debit Card,Olivia
ORD-10348,2026-02-11,CUST-1127,Tablet,Electronics,East,3,613.8,0.05,1749.33,Debit Card,Daniel
ORD-10463,2026-08-18,CUST-1042,Printer,Office Equipment,East,4,199.16,0.0,796.64,Debit Card,Emma
ORD-10325,2026-08-24,CUST-1015,Headphones,Accessories, South ,2,223.41,0.05,424.48,Debit Card,Olivia
ORD-10186,2026-07-11,CUST-1004,Tablet,Electronics,North,3,773.11,0.05,2203.36,Bank Transfer,Michael
ORD-10123,2026-01-20,CUST-1036,Mouse,Accessories,East,4,88.81,0.2,284.19,Credit Card,David
ORD-10870,2026-05-06,CUST-1205,Webcam,Accessories,South,3,143.02,0.2,343.25,Bank Transfer,Sarah
ORD-10608,2026-03-16,CUST-1201,Webcam,Accessories,West,3,60.72,0.0,182.16,Credit Card,David
ORD-10143,2026-04-16,CUST-1090,Webcam,Accessories,East,1,161.53,0.1,145.38,Bank Transfer,Sarah
ORD-10978,2026-02-15,CUST-1082,Tablet,Electronics,West,4,615.29,0.15,2091.99,Bank Transfer,David
ORD-10197,2026-06-23,CUST-1115,Tablet,Electronics,South,1,523.21,0.2,418.57,Bank Transfer,David
ORD-10609,2026-03-09,CUST-1021,Webcam,Accessories,West,2,110.26,0.05,209.49,Debit Card,Sophia
ORD-10279,2026-06-25,CUST-1211,Monitor,Electronics,West,1,461.49,0.0,461.49,PayPal,David
ORD-10293,2026-03-12,CUST-1107,Headphones,Accessories,East,1,146.85,0.1,132.16,Debit Card,Sophia
ORD-10400,2026-05-25,CUST-1015,Keyboard,Accessories,East,1,122.75,0.0,122.75,PayPal,Emma
ORD-10122,2026-08-01,CUST-1042,Headphones,Accessories,,4,232.81,0.1,838.12,Credit Card,Sophia
ORD-10183,2026-08-03,CUST-1231,Printer,Office Equipment,South,1,358.86,0.2,287.09,Debit Card,Daniel
ORD-10202,2026-05-11,CUST-1057,Monitor,Electronics,West,2,594.05,0.05,1128.69,Credit Card,Olivia
ORD-10438,2026-01-05,CUST-1058,Mouse,Accessories,North,2,78.17,0.05,148.52,Debit Card,Sarah
ORD-10246,2026-04-27,CUST-1191,Tablet,Electronics,South,5,549.51,0.15,2335.42,Debit Card,Sarah
ORD-10415,2026-06-30,CUST-1050,Headphones,Accessories,West,4,123.67,0.2,395.74,Credit Card,James
ORD-10792,2026-02-03,CUST-1020,Webcam,Accessories,North,1,136.71,0.0,136.71,PayPal,David
ORD-10781,2026-02-15,CUST-1125,Mouse,Accessories,North,3,22.28,0.15,56.81,Bank Transfer,Sophia
ORD-10923,2026-08-10,CUST-1186,Tablet,Electronics,West,5,353.59,0.2,1414.36,PayPal,Emma
ORD-10784,2026-03-11,CUST-1092,Webcam,Accessories,East,3,129.07,0.0,387.21,Bank Transfer,Sarah
ORD-10904,2026-04-13,CUST-1197,Keyboard,Accessories,South,4,87.75,0.0,351.0,Credit Card,Daniel
ORD-10129,2026-03-13,CUST-1008,Tablet,Electronics,East,4,430.36,0.05,1635.37,Credit Card,Olivia
ORD-10637,2026-08-01,CUST-1165,Printer,Office Equipment,South,5,181.65,0.0,908.25,Debit Card,David
ORD-10402,2026-03-18,CUST-1020,Webcam,Accessories,South,1,166.39,0.2,133.11,Credit Card,Sophia
ORD-10800,2026-06-30,CUST-1073,Laptop,Electronics,West,4,882.25,0.0,3529.0,Bank Transfer,Sophia
ORD-10786,2026-03-11,CUST-1175,Tablet,Electronics,South,5,357.5,0.1,1608.75,Credit Card,Michael
ORD-10735,2026-07-17,CUST-1160,Mouse,Accessories,South,2,42.11,0.0,84.22,PayPal,Sophia
ORD-10930,2026-02-06,CUST-1046,Headphones,Accessories,West,2,203.66,0.1,366.59,Debit Card,James
ORD-10219,2026-07-06,CUST-1093,Webcam,Accessories,South,4,91.23,0.0,364.92,Bank Transfer,Daniel
ORD-10641,2026-01-12,CUST-1196,Keyboard,Accessories,South,5,140.35,0.05,666.66,Debit Card,Michael
ORD-10932,2026-02-06,CUST-1105,Tablet,Electronics,South,1,454.76,0.0,454.76,Debit Card,Emma
ORD-10852,2026-01-08,CUST-1074,Headphones,Accessories,East,4,97.1,0.05,368.98,PayPal,Sarah
ORD-10823,2026-03-11,CUST-1017,Printer,Office Equipment,East,3,299.49,0.0,898.47,Bank Transfer,David
ORD-10937,2026-07-28,CUST-1118,Headphones,Accessories, North ,2,180.61,0.0,361.22,PayPal,Daniel
ORD-10624,2026-05-27,CUST-1039,Webcam,Accessories,West,5,175.88,0.1,791.46,Debit Card,Emma
ORD-10855,2026-03-06,CUST-1129,Webcam,Accessories,South,4,82.35,0.1,296.46,Credit Card,Michael
ORD-10950,2026-04-20,CUST-1164,Laptop,Electronics,West,3,1653.86,0.15,4217.34,Bank Transfer,Sarah
ORD-10386,2026-08-06,CUST-1197,Laptop,Electronics,South,3,982.08,0.2,2356.99,Credit Card,Sophia
ORD-10992,2026-04-11,CUST-1016,Webcam,Accessories,West,1,66.37,0.1,59.73,Bank Transfer,Sarah
ORD-10509,2026-06-30,CUST-1247,Headphones,Accessories,South,3,216.97,0.2,520.73,PayPal,David
ORD-10267,2026-08-23,CUST-1062,Mouse,Accessories,East,2,51.73,0.2,82.77,Bank Transfer,David
ORD-10836,2026-06-24,CUST-1063,Headphones,Accessories,West,2,225.89,0.1,406.6,Bank Transfer,Daniel
ORD-10441,2026-05-21,CUST-1064,Printer,Office Equipment,East,2,395.65,0.0,791.3,PayPal,Sarah
ORD-10496,2026-02-16,CUST-1171,Laptop,Electronics,North,5,1651.39,0.15,7018.41,Bank Transfer,Sarah
ORD-10112,2026-02-12,CUST-1177,Headphones,Accessories,North,1,230.68,0.1,207.61,Bank Transfer,Olivia
ORD-10691,2026-04-01,CUST-1057,Keyboard,Accessories,West,1,86.72,0.2,69.38,Debit Card,Daniel
ORD-10232,2026-07-17,CUST-1205,Keyboard,Accessories,East,3,71.95,0.0,215.85,PayPal,Daniel
ORD-10886,2026-01-03,CUST-1026,Webcam,Accessories,East,4,177.13,0.2,566.82,Credit Card,Sophia
ORD-10607,2026-05-09,CUST-1178,Mouse,Accessories,North,4,32.26,0.15,109.68,Debit Card,David
ORD-10671,2026-03-21,CUST-1156,Tablet,Electronics,North,1,624.35,0.05,593.13,PayPal,James
ORD-10373,2026-06-07,CUST-1158,Mouse,Accessories,West,4,71.78,0.15,244.05,Credit Card,Sarah
ORD-10737,2026-03-27,CUST-1157,Printer,Office Equipment,South,1,165.16,0.2,,Debit Card,James
ORD-10859,2026-03-22,CUST-1188,Printer,Office Equipment,West,2,417.29,0.2,,Credit Card,Emma
ORD-10233,2026-07-11,CUST-1122,Mouse,Accessories,East,5,36.17,0.1,162.77,Debit Card,Sarah
ORD-10801,2026-06-03,CUST-1188,Headphones,Accessories,West,4,187.41,0.05,712.16,Bank Transfer,David
ORD-10676,2026-05-05,CUST-1007,Monitor,Electronics, West ,3,390.13,0.15,994.83,Debit Card,Daniel
ORD-10317,2026-05-24,CUST-1129,Printer,Office Equipment,West,4,293.2,0.15,996.88,PayPal,Michael
ORD-10648,2026-07-11,CUST-1148,Tablet,Electronics,East,1,858.89,0.1,773.0,Bank Transfer,David
ORD-10410,2026-03-21,CUST-1071,Printer,Office Equipment, South ,1,450.38,0.05,427.86,Bank Transfer,Sophia
ORD-10915,2026-04-23,CUST-1176,Printer,Office Equipment,South,4,406.1,0.05,1543.18,Debit Card,Sophia
ORD-10709,2026-01-09,CUST-1006,Monitor,Electronics,North,5,222.75,0.05,1058.06,Credit Card,Sarah
ORD-10358,2026-08-27,CUST-1104,LAPTOP,Electronics,East,3,1033.0,0.0,3099.0,Credit Card,David
ORD-10258,2026-03-01,CUST-1138,Mouse,Accessories,East,1,80.35,0.05,76.33,Debit Card,Olivia
ORD-10744,2026-07-14,CUST-1087,mouse,Accessories,South,5,90.91,0.05,431.82,Debit Card,Sarah
ORD-10627,2026-08-03,CUST-1225,Keyboard,Accessories,West,3,119.98,0.15,305.95,Bank Transfer,Sophia
ORD-10632,2026-04-16,CUST-1056,Mouse,Accessories,West,1,80.62,0.05,76.59,PayPal,Olivia
ORD-10282,2026-01-12,CUST-1236,Monitor,Electronics,North,3,473.77,0.2,1137.05,Debit Card,Olivia
ORD-10376,2026-02-16,CUST-1006,Tablet,Electronics,North,1,658.27,0.1,592.44,PayPal,Olivia
ORD-10384,2026-07-07,CUST-1242,Webcam,Accessories,South,4,150.86,0.1,543.1,Bank Transfer,Emma
ORD-10224,2026-05-02,CUST-1208,Laptop,Electronics,East,1,1168.36,0.15,993.11,Credit Card,Sophia
ORD-10973,2026-08-28,CUST-1053,Headphones,Accessories,South,3,141.24,0.1,,PayPal,Sarah
ORD-10965,2026-02-20,CUST-1249,Mouse,Accessories,East,2,71.24,0.0,142.48,Debit Card,Sophia
ORD-10472,2026-01-07,CUST-1097,Keyboard,Accessories,East,1,45.84,0.05,43.55,Debit Card,Daniel
ORD-10347,2026-01-30,CUST-1116,Laptop,Electronics,North,2,1109.29,0.0,2218.58,Debit Card,James
ORD-10505,2026-02-04,CUST-1118,Monitor,Electronics,South,5,358.71,0.0,1793.55,Debit Card,Michael
ORD-10639,2026-03-06,CUST-1082,Keyboard,Accessories,North,1,119.02,0.0,119.02,PayPal,Olivia
ORD-10513,2026-04-17,CUST-1207,Tablet,Electronics,West,4,732.15,0.15,,Debit Card,Michael
ORD-10797,2026-03-14,CUST-1043,Laptop,Electronics,West,1,1773.58,0.05,1684.9,Bank Transfer,Michael
ORD-10946,2026-03-01,CUST-1250,Printer,Office Equipment,West,1,488.55,0.1,439.69,Debit Card,James
ORD-10922,2026-05-02,CUST-1213,Keyboard,Accessories,West,5,123.81,0.15,526.19,PayPal,Michael
ORD-10619,2026-03-01,CUST-1250,Webcam,Accessories,West,1,111.2,0.1,100.08,Credit Card,Michael
ORD-10872,2026-07-13,CUST-1108,Tablet,Electronics,North,4,668.32,0.15,2272.29,Credit Card,Olivia
ORD-10820,2026-07-26,CUST-1125,Monitor,Electronics,West,2,476.35,0.1,857.43,Bank Transfer,Michael
ORD-10645,2026-04-15,CUST-1113,Monitor,Electronics,East,1,440.49,0.05,418.47,Debit Card,James
ORD-10863,2026-07-11,CUST-1130,Headphones,Accessories,North,5,162.65,0.05,772.59,Debit Card,David
ORD-10556,2026-06-22,CUST-1130,Printer,Office Equipment,West,4,421.16,0.0,1684.64,Bank Transfer,Sophia
ORD-10977,2026-07-20,CUST-1120,MONITOR,Electronics,East,4,266.97,0.2,854.3,PayPal,Sophia
ORD-10577,2026-08-18,CUST-1215,Headphones,Accessories,South,1,213.45,0.0,213.45,PayPal,Sophia
ORD-10795,2026-02-17,CUST-1171,Tablet,Electronics,East,2,317.56,0.1,571.61,Bank Transfer,Michael
ORD-10085,2026-01-14,CUST-1064,Printer,Office Equipment,West,1,189.93,0.15,161.44,Credit Card,James
ORD-10242,2026-06-21,CUST-1024,Keyboard,Accessories,South,4,147.99,0.1,532.76,Credit Card,Daniel
ORD-10698,2026-01-22,CUST-1032,Monitor,Electronics,South,3,540.58,0.1,1459.57,Bank Transfer,Daniel
ORD-10159,2026-02-07,CUST-1065,Mouse,Accessories,South,2,33.88,0.0,67.76,PayPal,Sophia
ORD-10524,2026-06-17,CUST-1052,Tablet,Electronics,West,1,545.31,0.05,518.04,Bank Transfer,Daniel
ORD-10035,2026-04-23,CUST-1213,Headphones,Accessories,East,5,172.34,0.0,861.7,Credit Card,Michael
ORD-10540,2026-06-29,CUST-1213,Headphones,Accessories,East,1,99.65,0.15,84.7,Credit Card,Michael
ORD-10170,2026-04-03,CUST-1079, Keyboard ,Accessories,South,3,144.63,0.15,368.81,Debit Card,Michael
ORD-10654,2026-06-10,CUST-1203,Monitor,Electronics,West,2,494.99,0.2,791.98,PayPal,James
ORD-10907,2026-07-18,CUST-1050,Headphones,Accessories,West,5,66.86,0.1,300.87,Debit Card,Daniel
ORD-10874,2026-04-22,CUST-1020,Printer,Office Equipment,South,2,255.14,0.1,459.25,PayPal,Daniel
ORD-10864,2026-08-24,CUST-1019,Mouse,Accessories,North,1,81.46,0.1,73.31,Bank Transfer,Sarah
ORD-10962,2026-02-17,CUST-1062, Keyboard ,Accessories,East,1,127.67,0.05,121.29,PayPal,Olivia
ORD-10733,2026-02-14,CUST-1156,Laptop,Electronics,North,4,1396.27,0.2,4468.06,Bank Transfer,Olivia
ORD-10095,2026-05-13,CUST-1166,Printer,Office Equipment,West,2,470.63,0.2,753.01,PayPal,Sarah
ORD-10563,2026-02-28,CUST-1063,Headphones,Accessories,South,2,138.63,0.05,263.4,Credit Card,James
ORD-10240,2026-03-11,CUST-1049,Monitor,Electronics,South,4,332.27,0.1,1196.17,Credit Card,Olivia
ORD-10742,2026-02-04,CUST-1117, Mouse ,Accessories,East,3,70.56,0.05,201.1,Debit Card,James
ORD-10574,2026-03-10,CUST-1032,Printer,Office Equipment,South,2,404.49,0.0,808.98,Credit Card,Sophia
ORD-10690,2026-08-17,CUST-1201,Webcam,Accessories,West,4,127.25,0.2,407.2,PayPal,David
ORD-10460,2026-08-16,CUST-1130,Mouse,Accessories,East,4,72.37,0.1,260.53,Credit Card,Emma
ORD-10553,2026-06-26,CUST-1041,Laptop,Electronics,North,3,1015.47,0.15,2589.45,PayPal,Olivia
ORD-10895,2026-04-21,CUST-1029,Mouse,Accessories,East,2,29.66,0.15,50.42,Bank Transfer,Olivia
ORD-10206,2026-04-21,CUST-1128,laptop,Electronics,East,5,1631.39,0.05,7749.1,Debit Card,Michael
ORD-10392,2026-02-13,CUST-1227,Webcam,Accessories,North,1,,0.2,50.02,Bank Transfer,Sophia
ORD-10794,2026-08-21,CUST-1064,Laptop,Electronics,North,1,866.25,0.0,866.25,Debit Card,Emma
ORD-10397,2026-02-22,CUST-1043,Headphones,Accessories,East,4,245.41,0.0,981.64,PayPal,Sophia
ORD-10766,2026-03-02,CUST-1029,Laptop,Electronics,West,5,1793.77,0.05,8520.41,Bank Transfer,Olivia
ORD-10865,2026-04-11,CUST-1095,Monitor,Electronics,North,2,534.79,0.0,1069.58,PayPal,Sophia
ORD-10217,2026-05-10,CUST-1117,Mouse,Accessories,North,3,37.21,0.0,111.63,Bank Transfer,Sophia
ORD-10004,2026-07-26,CUST-1011,Printer,Office Equipment,East,4,337.68,0.0,1350.72,Bank Transfer,Emma
ORD-10768,2026-05-17,CUST-1077,Monitor,Electronics,South,4,568.17,0.15,1931.78,PayPal,Olivia
ORD-10642,2026-07-16,CUST-1182,Laptop,Electronics,East,3,1219.58,0.15,3109.93,Debit Card,Sarah
ORD-10914,2026-01-20,CUST-1094,Webcam,Accessories,East,5,122.35,0.15,519.99,PayPal,David
ORD-10612,2026-04-04,CUST-1089,Mouse,Accessories,,5,45.66,0.0,228.3,Debit Card,Olivia
ORD-10738,2026-05-05,CUST-1131,,Electronics,East,2,228.34,0.15,388.18,PayPal,Emma
ORD-10546,2026-05-19,CUST-1008,Tablet,Electronics,North,2,536.23,0.15,911.59,PayPal,Olivia
ORD-10725,2026-06-29,CUST-1166,Keyboard,Accessories,North,1,41.58,0.1,37.42,PayPal,Michael
ORD-10683,2026-04-26,CUST-1136,Headphones,Accessories,South,5,128.0,0.15,544.0,Debit Card,Olivia
ORD-10098,2026-03-06,CUST-1082,Monitor,Electronics,North,4,588.07,0.2,1881.82,PayPal,David
ORD-10804,2026-06-27,CUST-1151,Monitor,Electronics,East,2,496.57,0.0,993.14,Debit Card,Olivia
ORD-10727,2026-07-25,CUST-1051,Webcam,Accessories,North,4,87.23,0.1,314.03,Debit Card,Olivia
ORD-10573,2026-02-18,CUST-1082,Laptop,Electronics,South,5,952.15,0.0,4760.75,Credit Card,Daniel
ORD-10406,2026-01-29,CUST-1106, Keyboard ,Accessories,North,5,56.3,0.2,225.2,Credit Card,Sarah
ORD-10502,2026-08-04,CUST-1071,Keyboard,Accessories,North,2,138.04,0.1,248.47,Credit Card,James
ORD-10047,2026-07-06,CUST-1201,Tablet,Electronics,West,5,561.84,0.0,2809.2,Debit Card,Daniel
ORD-10032,2026-06-21,CUST-1183,Tablet,Electronics,East,4,443.21,0.05,1684.2,PayPal,Olivia
ORD-10779,2026-08-02,CUST-1097,Headphones,Accessories,East,1,160.77,0.1,144.69,PayPal,Sophia
ORD-10839,2026-01-03,CUST-1232,Webcam,Accessories,North,3,169.85,0.1,458.59,Debit Card,Daniel
ORD-10200,2026-02-21,CUST-1031,Keyboard,Accessories,West,4,133.81,0.05,508.48,Credit Card,Olivia
ORD-10134,2026-04-02,CUST-1202,Mouse,Accessories,East,1,67.11,0.05,63.75,Credit Card,Michael
ORD-10027,2026-02-12,CUST-1097,Laptop,Electronics,East,3,1785.31,0.15,4552.54,PayPal,Sophia
ORD-10947,2026-02-20,CUST-1210,Webcam,Accessories,West,3,55.53,0.2,133.27,Debit Card,Emma
ORD-10230,2026-03-13,CUST-1142,Headphones,Accessories,South,3,94.97,0.1,256.42,PayPal,Olivia
ORD-10489,2026-04-15,CUST-1099,Printer,Office Equipment,North,4,370.58,0.1,1334.09,PayPal,Sarah
ORD-10772,2026-07-20,CUST-1239,Headphones,Accessories,West,1,89.14,0.2,71.31,Credit Card,David
ORD-10378,2026-07-15,CUST-1242,Mouse,Accessories,South,4,66.06,0.1,237.82,Debit Card,Emma
ORD-10288,2026-03-10,CUST-1039,Webcam,Accessories,East,2,139.63,0.15,237.37,Bank Transfer,Sarah
ORD-10418,2026-02-11,CUST-1218,Mouse,Accessories,East,2,88.57,0.05,168.28,PayPal,James
ORD-10674,2026-07-28,CUST-1205,Printer,Office Equipment,West,3,184.04,0.15,469.3,Debit Card,Emma
ORD-10391,2026-07-24,CUST-1216, Laptop ,Electronics,North,3,1094.91,0.1,2956.26,Credit Card,Olivia
ORD-10592,2026-05-15,CUST-1159,Headphones,Accessories,North,2,59.82,0.2,95.71,Credit Card,Emma
ORD-10498,2026-01-26,CUST-1072,Monitor,Electronics,West,3,560.05,0.15,1428.13,Bank Transfer,Daniel
ORD-10138,2026-03-24,CUST-1155,Keyboard,Accessories,East,3,47.23,0.2,113.35,PayPal,Daniel
ORD-10062,2026-01-02,CUST-1241,Tablet,Electronics,South,4,479.17,0.15,1629.18,paypal,Emma
ORD-10471,2026-05-24,CUST-1122,Webcam,Accessories,West,5,134.39,0.1,604.75,Credit Card,Sarah
ORD-10647,2026-08-24,CUST-1022,Laptop,Electronics,East,2,908.89,0.05,1726.89,Debit Card,Sophia
ORD-10128,2026-06-21,CUST-1243,Webcam,Accessories,North,2,122.23,0.15,207.79,PayPal,David
ORD-10996,2026-05-18,CUST-1107,Printer,Office Equipment,South,4,410.1,0.05,1558.38,Debit Card,Daniel
ORD-10520,2026-08-13,CUST-1200,Monitor,Electronics,North,2,237.28,0.2,379.65,PayPal,David
ORD-10838,2026-06-13,CUST-1245,Tablet,Electronics,South,1,841.89,0.2,673.51,PayPal,David
ORD-10982,2026-04-30,CUST-1110,Webcam,Accessories,East,4,91.45,0.1,329.22,PayPal,James
ORD-10064,2026-06-09,CUST-1136,LAPTOP,Electronics,North,5,1706.93,0.2,6827.72,Credit Card,David
ORD-10812,2026-01-09,CUST-1045,Headphones,Accessories,West,2,226.94,0.15,385.8,Debit Card,Daniel
ORD-10014,2026-04-27,CUST-1000,Headphones,Accessories,North,2,244.38,0.2,391.01,Bank Transfer,Emma
ORD-10156,2026-08-01,CUST-1176,Tablet,Electronics,West,1,352.88,0.05,335.24,PayPal,Sarah
ORD-10040,2026-01-11,CUST-1078,Tablet,Electronics,South,1,839.39,0.1,755.45,Debit Card,Sarah
ORD-10492,2026-05-02,CUST-1040,Mouse,Accessories,East,4,30.91,0.2,98.91,Debit Card,Daniel
ORD-10379,2026-06-01,CUST-1081,Tablet,Electronics,South,1,848.39,0.1,763.55,Debit Card,Sophia
ORD-10187,2026-01-12,CUST-1090,Tablet,Electronics,West,2,788.11,0.15,1339.79,Debit Card,Michael
ORD-10763,2026-05-05,CUST-1151,Printer,Office Equipment,East,5,310.3,0.05,1473.92,Debit Card,Daniel
ORD-10216,2026-05-08,CUST-1131,Printer,Office Equipment,North,3,324.57,0.15,827.65,Credit Card,David
ORD-10791,2026-01-08,CUST-1190,Monitor,Electronics,East,2,288.94,0.05,548.99,Debit Card,Emma
ORD-10052,2026-04-24,CUST-1172,Mouse,Accessories,East,2,60.89,0.0,121.78,Bank Transfer,Sarah
ORD-10878,2026-05-31,CUST-1185,Printer,Office Equipment,East,4,415.07,0.2,1328.22,Bank Transfer,Michael
ORD-10337,2026-03-31,CUST-1184,Mouse,Accessories,West,2,70.25,0.15,119.42,Debit Card,Sarah
ORD-10748,2026-07-07,CUST-1196,Laptop,Electronics,North,4,1225.7,0.15,4167.38,PayPal,Sophia
ORD-10719,2026-07-14,CUST-1196,Headphones,Accessories,North,2,179.56,0.2,287.3,PayPal,Emma
ORD-10724,2026-08-25,CUST-1018,Laptop,Electronics,West,4,1535.46,0.0,6141.84,Credit Card,Emma
ORD-10295,2026-08-04,CUST-1158,Webcam,Accessories,East,3,152.57,0.15,389.05,PayPal,Michael
ORD-10701,2026-01-22,CUST-1247,Keyboard,Accessories,West,2,105.51,0.15,179.37,PayPal,Emma
ORD-10251,2026-03-30,CUST-1179,Monitor,Electronics,West,1,416.47,0.0,416.47,Credit Card,Daniel
ORD-10726,2026-08-02,CUST-1151,Monitor,Electronics,West,1,527.12,0.0,527.12,Debit Card,Sarah
ORD-10461,2026-08-05,CUST-1116,Tablet,Electronics,West,5,636.09,0.2,2544.36,Bank Transfer,Sophia
ORD-10455,2026-03-30,CUST-1169,Webcam,Accessories,North,5,60.81,0.2,243.24,Credit Card,Michael
ORD-10280,2026-05-22,CUST-1121,Laptop,Electronics,West,2,1436.75,0.0,2873.5,PayPal,Olivia
ORD-10815,2026-01-16,CUST-1007,Laptop,Electronics,North,3,928.2,0.1,2506.14,Bank Transfer,David
ORD-10862,2026-01-29,CUST-1216,Keyboard,Accessories,East,1,53.6,0.05,50.92,Debit Card,Michael
ORD-10269,2026-07-25,CUST-1184,Printer,Office Equipment,East,3,416.57,0.05,1187.22,Bank Transfer,David
ORD-10201,2026-06-20,CUST-1088,Monitor,Electronics,South,3,420.0,0.1,1134.0,Debit Card,Olivia
ORD-10161,2026-04-23,CUST-1017,Printer,Office Equipment,North,3,304.77,0.1,822.88,Bank Transfer,Sarah
ORD-10555,2026-03-31,CUST-1222,Mouse,Accessories,East,-1,66.15,0.05,314.21,bank transfer,Olivia
ORD-10729,2026-03-12,CUST-1036,,Accessories,South,3,63.53,0.2,152.47,PayPal,Emma
ORD-10401,2026-05-22,CUST-1015,Webcam,Accessories,West,4,154.58,0.2,494.66,Debit Card,Sophia
ORD-10702,2026-06-19,CUST-1112,Keyboard,Accessories,East,3,63.19,0.0,189.57,Credit Card,James
ORD-10476,2026-02-21,CUST-1158,Printer,Office Equipment,South,3,440.49,0.2,1057.18,Debit Card,Daniel
ORD-10821,2026-06-07,CUST-1076,Tablet,Electronics,North,2,881.66,0.15,1498.82,Debit Card,Daniel
ORD-10771,2026-04-13,CUST-1158,MOUSE,Accessories,North,1,55.68,0.1,50.11,Debit Card,Emma
ORD-10105,2026-08-03,CUST-1150,Printer,Office Equipment,West,4,452.84,0.2,1449.09,Bank Transfer,Olivia
ORD-10565,2026-06-28,CUST-1138,Keyboard,Accessories,West,4,104.99,0.2,335.97,Bank Transfer,Olivia
ORD-10389,2026-01-13,CUST-1098,Printer,Office Equipment,West,2,406.4,0.15,690.88,PayPal,Olivia
ORD-10001,2026-06-01,CUST-1108,Laptop,Electronics,North,2,829.8,0.05,1576.62,Debit Card,David
ORD-10990,2026-07-27,CUST-1168,Tablet,Electronics,West,4,503.89,0.15,1713.23,Bank Transfer,Olivia
ORD-10740,2026-07-08,CUST-1105,Mouse,Accessories, West ,2,50.04,0.0,,PayPal,James
ORD-10561,2026-01-27,CUST-1024,monitor,Electronics,North,4,574.72,0.2,1839.1,Credit Card,David
ORD-10931,2026-06-07,CUST-1246,Tablet,Electronics,West,1,408.87,0.1,367.98,Credit Card,Olivia
ORD-10080,2026-07-10,CUST-1140,Tablet,Electronics,East,4,511.09,0.1,1839.92,Bank Transfer,Emma
ORD-10205,2026-06-14,CUST-1018,Printer,Office Equipment,South,5,313.04,0.1,1408.68,Debit Card,Michael
ORD-10034,2026-05-10,CUST-1067,Keyboard,Accessories,East,1,142.66,0.05,135.53,Bank Transfer,Michael
ORD-10775,2026-03-20,CUST-1250,Printer,Office Equipment,West,1,456.01,0.05,433.21,PayPal,Sophia
ORD-10508,2026-05-13,CUST-1232,Tablet,Electronics,North,4,532.86,0.0,2131.44,Bank Transfer,Sarah
ORD-10427,2026-03-17,CUST-1024,Printer,Office Equipment,South,3,194.78,0.2,467.47,Bank Transfer,Sarah
ORD-10454,2026-06-21,CUST-1223,Tablet,Electronics,West,5,611.46,0.0,3057.3,Debit Card,Sophia
ORD-10366,2026-02-07,CUST-1023,Mouse,Accessories,North,4,97.47,0.2,311.9,Bank Transfer,Daniel
ORD-10091,2026-04-19,CUST-1029,Mouse,Accessories,North,3,71.81,0.05,204.66,Credit Card,Michael
ORD-10339,2026-07-22,CUST-1035,Mouse,Accessories,East,1,42.16,0.05,40.05,Credit Card,Daniel
ORD-10897,2026-07-24,CUST-1117,Monitor,Electronics,North,5,589.86,0.2,2359.44,Credit Card,Sarah
ORD-10564,2026-06-19,CUST-1091,Tablet,Electronics,East,4,818.54,0.2,2619.33,PayPal,Michael
ORD-10345,2026-03-21,CUST-1020,Mouse,Accessories,East,2,,0.2,156.72,PayPal,Sarah
ORD-10776,2026-03-15,CUST-1041,Webcam,Accessories,North,4,142.0,0.05,539.6,Debit Card,Emma
ORD-10241,2026-07-22,CUST-1075,Mouse,Accessories,East,4,34.04,0.15,115.74,Credit Card,David
ORD-10013,2026-06-24,CUST-1226,Headphones,Accessories,East,3,203.72,0.0,611.16,PayPal,Michael
ORD-10315,2026-06-12,CUST-1137,Keyboard,Accessories,South,4,101.04,0.1,363.74,Debit Card,Olivia
ORD-10600,2026-03-14,CUST-1152,Laptop,Electronics,East,3,1317.61,0.0,3952.83,Debit Card,Emma
ORD-10387,2026-02-06,CUST-1084,Monitor,Electronics,North,3,295.2,0.05,841.32,Bank Transfer,Sophia
ORD-10273,2026-08-23,CUST-1227,Laptop,Electronics,North,1,1323.94,0.0,1323.94,PayPal,Michael
ORD-10166,2026-04-10,CUST-1104,Tablet,Electronics,North,1,707.34,0.1,636.61,Bank Transfer,Sarah
ORD-10840,2026-02-23,CUST-1220,Keyboard,Accessories,North,3,140.75,0.15,358.91,Bank Transfer,Sarah
ORD-10636,2026-08-15,CUST-1077,Headphones,Accessories,North,4,142.27,0.1,,Debit Card,Sophia
ORD-10646,2026-02-17,CUST-1037,Laptop,Electronics,North,1,1453.28,0.05,1380.62,Bank Transfer,Olivia
ORD-10818,2026-01-06,CUST-1137,Tablet,Electronics,West,4,322.43,0.2,1031.78,Bank Transfer,James
ORD-10484,2026-04-08,CUST-1234, Monitor ,Electronics,North,5,354.35,0.1,1594.58,Bank Transfer,Sophia
ORD-10521,2026-04-05,CUST-1223,Laptop,Electronics,West,4,1497.64,0.05,,PayPal,Olivia
ORD-10504,2026-05-20,CUST-1228,Printer,Office Equipment,West,2,378.87,0.1,681.97,Debit Card,Daniel
ORD-10831,2026-07-20,CUST-1005,Laptop,Electronics, East ,1,1659.58,0.1,1493.62,Credit Card,David
ORD-10243,2026-04-09,CUST-1060,Printer,Office Equipment,North,3,413.81,0.1,1117.29,Bank Transfer,Olivia
ORD-10566,2026-05-04,CUST-1138,Mouse,Accessories,East,4,84.38,0.1,303.77,PayPal,Daniel
ORD-10875,2026-05-26,CUST-1012,Monitor,Electronics,West,5,566.92,0.0,2834.6,PayPal,Sarah
ORD-10562,2026-05-15,CUST-1195,,Electronics,North,5,241.57,0.05,1147.46,PayPal,Daniel
ORD-10972,2026-01-06,CUST-1045,Headphones,Accessories,West,1,232.13,0.05,220.52,Credit Card,Olivia
ORD-10686,2026-08-09,CUST-1072,Laptop,Electronics,East,5,1035.24,0.15,4399.77,PayPal,David
ORD-10957,2026-08-16,CUST-1217,Monitor,Electronics,North,1,513.06,0.15,436.1,Bank Transfer,David
ORD-10189,2026-08-27,CUST-1079,Webcam,Accessories,East,5,178.48,0.15,758.54,Credit Card,Emma
ORD-10782,2026-05-25,CUST-1111,Headphones,Accessories,East,4,175.6,0.0,702.4,Credit Card,Daniel
ORD-10699,2026-08-08,CUST-1065,Laptop,Electronics,South,5,1541.43,0.05,7321.79,PayPal,Olivia
ORD-10475,2026-08-26,CUST-1097,Webcam,Accessories,North,3,98.32,0.2,235.97,Credit Card,Daniel
ORD-10681,2026-05-23,CUST-1024,Printer,Office Equipment,North,4,211.66,0.0,846.64,PayPal,Olivia
ORD-10510,2026-04-04,CUST-1150,Monitor,Electronics,West,4,406.67,0.05,1545.35,Bank Transfer,Olivia
ORD-10058,2026-04-26,CUST-1066,Mouse,Accessories,West,3,87.19,0.2,209.26,debit card,Daniel
ORD-10474,2026-01-27,CUST-1157,Mouse,Accessories,South,5,79.39,0.15,337.41,Bank Transfer,James
ORD-10560,2026-08-07,CUST-1005,Keyboard,Accessories,South,3,120.05,0.0,360.15,Debit Card,David
ORD-10856,2026-03-08,CUST-1043,Printer,Office Equipment,North,4,475.61,0.05,1807.32,Bank Transfer,David
ORD-10747,2026-08-17,CUST-1237,Keyboard,Accessories,North,1,140.51,0.15,119.43,Credit Card,Sophia
ORD-10252,2026-04-15,CUST-1046,Keyboard,Accessories,West,4,124.24,0.1,447.26,PayPal,David
ORD-10021,2026-01-19,CUST-1131,Mouse,Accessories,South,4,42.28,0.05,160.66,PayPal,Emma
ORD-10313,2026-06-22,CUST-1034,Tablet,Electronics,South,3,370.72,0.0,1112.16,Bank Transfer,Michael
ORD-10459,2026-01-31,CUST-1127,laptop,Electronics,North,4,902.64,0.0,3610.56,Credit Card,Daniel
ORD-10160,2026-07-13,CUST-1144,Printer,Office Equipment,East,5,388.4,0.2,1553.6,Bank Transfer,Michael
ORD-10276,2026-05-16,CUST-1184,Headphones,Accessories,West,3,157.15,0.0,471.45,Debit Card,Sarah
ORD-10955,2026-01-28,CUST-1121,Mouse,Accessories, South ,1,96.7,0.1,87.03,Credit Card,Sophia
ORD-10191,2026-08-16,CUST-1102,Printer,Office Equipment,South,4,463.12,0.1,1667.23,PayPal,Sophia
ORD-10385,2026-06-20,CUST-1150, Keyboard ,Accessories,South,3,81.62,0.05,232.62,Credit Card,David
ORD-10805,2026-02-21,CUST-1152,Webcam,Accessories,East,4,57.19,0.15,194.45,Bank Transfer,David
ORD-10413,2026-03-21,CUST-1181,Webcam,Accessories,North,5,58.99,0.2,235.96,Debit Card,Emma
ORD-10491,2026-03-16,CUST-1201,Headphones,Accessories,West,3,171.31,0.15,436.84,paypal,James
ORD-10343,2026-01-04,CUST-1067,Mouse,Accessories,East,1,23.19,0.15,19.71,PayPal,David
ORD-10769,2026-02-09,CUST-1001,Tablet,Electronics,East,3,688.35,0.15,1755.29,Debit Card,Sophia
ORD-10308,2026-05-22,CUST-1040,Tablet,Electronics,West,4,635.91,0.05,2416.46,Debit Card,Michael
ORD-10661,2026-06-10,CUST-1136,Keyboard,Accessories,North,4,102.81,0.05,390.68,Bank Transfer,Olivia
ORD-10130,2026-05-20,CUST-1230,Tablet,Electronics,North,3,336.33,0.05,958.54,PayPal,Sarah
ORD-10663,2026-02-25,CUST-1134,Headphones,Accessories,South,3,85.0,0.0,255.0,Credit Card,Sophia
ORD-10871,2026-08-02,CUST-1094,Mouse,Accessories,East,4,59.17,0.15,201.18,PayPal,Sarah
ORD-10099,2026-01-14,CUST-1048,Tablet,Electronics,North,4,673.58,0.15,2290.17,Debit Card,Daniel
ORD-10372,2026-02-14,CUST-1090,Mouse,Accessories,West,3,92.66,0.1,250.18,Debit Card,James
ORD-10087,2026-04-26,CUST-1232,Printer,Office Equipment,East,5,254.07,0.15,1079.8,Credit Card,Sarah
ORD-10458,2026-01-21,CUST-1117,Printer,Office Equipment,West,4,430.44,0.0,1721.76,PayPal,Olivia
ORD-10330,2026-07-21,CUST-1087,Laptop,Electronics,North,4,845.94,0.0,3383.76,Debit Card,Sophia
ORD-10214,2026-04-30,CUST-1031,Headphones,Accessories,North,2,139.92,0.0,279.84,Bank Transfer,David
ORD-10466,2026-05-16,CUST-1188,Laptop,Electronics,West,4,1353.23,0.2,4330.34,Debit Card,Michael
ORD-10121,2026-08-21,CUST-1075,Tablet,Electronics,South,2,748.49,0.05,1422.13,Bank Transfer,Daniel
ORD-10614,2026-02-09,CUST-1193,Monitor,Electronics,South,1,244.95,0.05,232.7,Bank Transfer,James
ORD-10020,2026-05-31,CUST-1056,LAPTOP,Electronics,North,1,870.99,0.05,827.44,Credit Card,Olivia
ORD-10700,2026-07-26,CUST-1044,Headphones,Accessories,South,2,206.51,0.15,351.07,Credit Card,Olivia
ORD-10071,2026-06-01,CUST-1176,Mouse,Accessories,North,3,28.15,0.2,67.56,Credit Card,Olivia
ORD-10106,2026-05-22,CUST-1195,Webcam,Accessories,South,3,103.75,0.05,295.69,PayPal,Emma
ORD-10270,2026-01-12,CUST-1144,Mouse,Accessories,West,1,79.3,0.1,71.37,Bank Transfer,Michael
ORD-10860,2026-02-08,CUST-1013,Mouse,Accessories,South,4,34.65,0.1,124.74,PayPal,David
ORD-10435,2026-06-23,CUST-1001,mouse,Accessories,South,3,38.1,0.1,102.87,Credit Card,David
ORD-10102,2026-06-15,CUST-1213,Keyboard,Accessories,East,3,94.82,0.2,227.57,PayPal,Sophia
